gapId,title,primaryCategory,secondaryCategories,domainIds,currentStatus,targetLevel,severity,dependencies,acceptanceEvidence,recommendedOwnerArea,dependencyCriticality,safetyImpact,claimRisk,targetUnblockValue,observedFact,recommendation
gap-00cf9c01c13ff0c15b51,Semantic stability: Methods,Verification_Gap,[],"[""domain-fbe7266f95fc90d9eac1""]",Unknown,T1_Independent_Language_Platform,Medium,[],"[""A published compatibility/stability policy governing Methods with cross-revision guarantees and a negative-change process.""]",Language & type system,1,0,2,1,"Methods has parser/typechecker implementation evidence (evidence-144d8c1ed5cd5ce830bf, evidence-19429a0e9339edd0ae79, evidence-1da33b48535aee270420, evidence-2274d0884e4bb05a4b7b, evidence-268264b031bca69dacf8, evidence-2eeda1ed4d6bcbe8ba41, evidence-36510b73f83da25ec5e4, evidence-588637a269b6497fbb2c, evidence-5e9356cb17ef95d4be12, evidence-64bece4cc18508fe729c, evidence-671e810b7e2ffe60fbb3, evidence-75e1ab5848df15d611f9, evidence-ab1211a8f56a35c0eb97, evidence-ae007f2fb227b343aae0, evidence-aeda7ee5443349dc5a62, evidence-b789df43e6f1c88b625e, evidence-b953368c149d6d373032, evidence-c48d330d91a1c571cee6, evidence-c79ceda34fd4137276cd, evidence-cbeee7c906e568ad120b, evidence-ccbe839da67a36757cd4, evidence-dd282ac22cd0e59062f2, evidence-e67eed220d2c48ee199b, evidence-ec91ba371bb7b1739de5, evidence-efb3f9adec4a1c735fee, evidence-f1ba1a49ff3e526f119e, evidence-fb197b693252737d9eee, evidence-fb3b99361260bfe222c0, evidence-fffdbd2d9a627d7fd662) but no compatibility policy, so its semantics are not yet stable across revisions.",Define a compatibility policy for Methods so implemented behavior cannot silently change between revisions.
gap-00f7b615a57984d7b9b0,Semantic stability: Initialization,Verification_Gap,[],"[""domain-fbe7266f95fc90d9eac1""]",Unknown,T1_Independent_Language_Platform,High,[],"[""A published compatibility/stability policy governing Initialization with cross-revision guarantees and a negative-change process.""]",Language & type system,2,1,2,1,"Initialization has parser/typechecker implementation evidence (evidence-19429a0e9339edd0ae79, evidence-1da33b48535aee270420, evidence-268264b031bca69dacf8, evidence-588637a269b6497fbb2c, evidence-64bece4cc18508fe729c, evidence-75e1ab5848df15d611f9, evidence-ae007f2fb227b343aae0, evidence-aeda7ee5443349dc5a62, evidence-b953368c149d6d373032, evidence-cbeee7c906e568ad120b, evidence-ccbe839da67a36757cd4, evidence-ec91ba371bb7b1739de5, evidence-f1ba1a49ff3e526f119e, evidence-fb3b99361260bfe222c0) but no compatibility policy, so its semantics are not yet stable across revisions.",Define a compatibility policy for Initialization so implemented behavior cannot silently change between revisions.
gap-01281b71e72983262888,Runtime/library/package gap: Hosted runtime services,Implementation_Gap,[],"[""capability-runtime-hosted-services""]",Unknown,T1_Independent_Language_Platform,Medium,[],"[""Current hosted runtime services implemented on the host OS and C++ runtime."",""Hosted runtime services depend on the host OS and are not a freestanding runtime.""]",Freestanding Runtime,1,0,1,1,Hosted runtime services has no accepted current implementation satisfying Requirement 8.1; strongest observed status is Unknown (no matching evidence found).,Implement and verify Hosted runtime services before depending on it for freestanding or ecosystem work.
gap-01a36d88848621ea016d,Runtime/library/package gap: Package compatibility governance,Ecosystem_Gap,[],"[""capability-package-compatibility""]",Unknown,T1_Independent_Language_Platform,Medium,[],"[""Implemented package compatibility governance support with direct implementation evidence."",""Package compatibility governance has no accepted implementation evidence.""]",Package & Ecosystem,1,0,1,1,Package compatibility governance has no accepted current implementation satisfying Requirement 8.5; strongest observed status is Unknown (no matching evidence found).,Implement and verify Package compatibility governance before depending on it for freestanding or ecosystem work.
gap-01f77d1a57f0041a5d3f,Userspace observability gap,Implementation_Gap,[],"[""capability-observability-userspace""]",Unknown,T4_Isolated_Userspace_Platform,Medium,"[""gate-773cbe5008ea0adfbf60""]","[""Disclosed limitations must remain recorded: No Nebula-owned isolated userspace exists, so no userspace observability exists."",""Userspace observability owned by a Nebula isolated-userspace platform with direct implementation evidence.""]",Userspace & Isolation,2,1,0,2,Userspace observability: no OS-substrate implementation evidence exists (authoritative source docs/universeos/architecture.md).,Implement Userspace observability in a Nebula-owned OS substrate; compiler or hosted-service operations evidence cannot raise this capability's maturity.
gap-03d3dac86df625f40d8e,Normative language contract: Error effects,Language_Gap,[],"[""domain-fbe7266f95fc90d9eac1""]",Unknown,T1_Independent_Language_Platform,High,[],"[""A normative specification for Error effects with cross-revision compatibility guarantees and matching parser/typechecker evidence.""]",Language & type system,1,1,1,1,"Error effects is documented in spec/language_core.md with direct implementation evidence evidence-144d8c1ed5cd5ce830bf, evidence-19429a0e9339edd0ae79, evidence-1da33b48535aee270420, evidence-2274d0884e4bb05a4b7b, evidence-268264b031bca69dacf8, evidence-2eeda1ed4d6bcbe8ba41, evidence-36510b73f83da25ec5e4, evidence-588637a269b6497fbb2c, evidence-5e9356cb17ef95d4be12, evidence-64bece4cc18508fe729c, evidence-671e810b7e2ffe60fbb3, evidence-75e1ab5848df15d611f9, evidence-ab1211a8f56a35c0eb97, evidence-ae007f2fb227b343aae0, evidence-aeda7ee5443349dc5a62, evidence-b789df43e6f1c88b625e, evidence-b953368c149d6d373032, evidence-c48d330d91a1c571cee6, evidence-c79ceda34fd4137276cd, evidence-cbeee7c906e568ad120b, evidence-ccbe839da67a36757cd4, evidence-dd282ac22cd0e59062f2, evidence-e67eed220d2c48ee199b, evidence-ec91ba371bb7b1739de5, evidence-efb3f9adec4a1c735fee, evidence-f1ba1a49ff3e526f119e, evidence-fb197b693252737d9eee, evidence-fb3b99361260bfe222c0, evidence-fffdbd2d9a627d7fd662; current classified status is Unknown.",Publish and freeze the normative semantics for Error effects with a versioned compatibility contract before depending on it for system-level work.
gap-0b0dd6cf2f0eac434133,Nebula-owned process and address-space isolation gap,Implementation_Gap,[],"[""capability-userspace-process-isolation""]",Unsupported,T4_Isolated_Userspace_Platform,Critical,"[""gate-31536f160af23ad4d269""]","[""A Nebula-owned process/syscall boundary with address-space isolation and direct current implementation evidence, not a hosted control plane."",""Disclosed limitations must remain recorded: Host-owned / thin-host adjacency belongs to T0 and cannot raise this T4 capability's maturity above 0.; No Nebula-owned process/syscall boundary exists; hosted service-manager examples are not an OS process supervisor.""]",Userspace & Isolation,4,3,0,4,"Nebula-owned process and address-space isolation: only host-owned / thin-host adjacency exists (T0), so this T4 capability stays Maturity_Score 0 (authoritative source docs/universeos/kernel_boundary.md).",Establish a Nebula-owned process/syscall boundary with address-space isolation before any T4 userspace capability can exceed Maturity_Score 0.
gap-0ca11dda5d7d370af4a8,Provenance gap,Verification_Gap,[],"[""capability-release-provenance""]",Unknown,T1_Independent_Language_Platform,High,[],"[""Generated build provenance attestations with direct evidence.""]",Release Engineering,1,1,1,1,Provenance: no direct current implementation evidence (strongest observed status Unknown); authoritative source .github/workflows/release.yml.,Provide direct implementation/execution evidence for Provenance; scoped compiler/tooling or Linux backend SDK release evidence cannot raise OS-substrate maturity.
gap-103c21dd7f9678e8ddbf,"Identity, policy, time, and configuration services gap",Implementation_Gap,[],"[""capability-userspace-identity-policy-time-config""]",Unknown,T4_Isolated_Userspace_Platform,Medium,"[""gate-42b6c22c8d119e7057bc""]","[""Disclosed limitations must remain recorded: Host-owned / thin-host adjacency belongs to T0 and cannot raise this T4 capability's maturity above 0.; No Nebula-owned identity, policy, time, or configuration services exist."",""Nebula-owned identity, policy, time, and configuration services with direct implementation evidence.""]",System Services,2,1,0,2,"Identity, policy, time, and configuration services: only host-owned / thin-host adjacency exists (T0), so this T4 capability stays Maturity_Score 0 (authoritative source docs/universeos/kernel_boundary.md).","Implement Identity, policy, time, and configuration services above a Nebula-owned process/syscall boundary; host-owned adjacency cannot raise this T4 capability's maturity."
gap-10827d75ea63c0b792ca,Crash consistency gap,Implementation_Gap,[],"[""capability-reliability-crash-consistency""]",Unknown,T4_Isolated_Userspace_Platform,Medium,"[""gate-7e6ff8c1b7bf228d2952""]","[""A crash-consistency guarantee for OS storage/state with direct implementation evidence."",""Disclosed limitations must remain recorded: No Nebula-owned crash-consistency guarantee exists.""]",System Services,2,2,0,2,Crash consistency: no OS-substrate implementation evidence exists (authoritative source docs/universeos/architecture.md).,Implement Crash consistency in a Nebula-owned OS substrate; compiler or hosted-service operations evidence cannot raise this capability's maturity.
gap-116a5fb9e83149fd782a,Normative language contract: Methods,Language_Gap,[],"[""domain-fbe7266f95fc90d9eac1""]",Unknown,T1_Independent_Language_Platform,Medium,[],"[""A normative specification for Methods with cross-revision compatibility guarantees and matching parser/typechecker evidence.""]",Language & type system,1,0,1,1,"Methods is documented in spec/language_core.md, spec/type_system.md with direct implementation evidence evidence-144d8c1ed5cd5ce830bf, evidence-19429a0e9339edd0ae79, evidence-1da33b48535aee270420, evidence-2274d0884e4bb05a4b7b, evidence-268264b031bca69dacf8, evidence-2eeda1ed4d6bcbe8ba41, evidence-36510b73f83da25ec5e4, evidence-588637a269b6497fbb2c, evidence-5e9356cb17ef95d4be12, evidence-64bece4cc18508fe729c, evidence-671e810b7e2ffe60fbb3, evidence-75e1ab5848df15d611f9, evidence-ab1211a8f56a35c0eb97, evidence-ae007f2fb227b343aae0, evidence-aeda7ee5443349dc5a62, evidence-b789df43e6f1c88b625e, evidence-b953368c149d6d373032, evidence-c48d330d91a1c571cee6, evidence-c79ceda34fd4137276cd, evidence-cbeee7c906e568ad120b, evidence-ccbe839da67a36757cd4, evidence-dd282ac22cd0e59062f2, evidence-e67eed220d2c48ee199b, evidence-ec91ba371bb7b1739de5, evidence-efb3f9adec4a1c735fee, evidence-f1ba1a49ff3e526f119e, evidence-fb197b693252737d9eee, evidence-fb3b99361260bfe222c0, evidence-fffdbd2d9a627d7fd662; current classified status is Unknown.",Publish and freeze the normative semantics for Methods with a versioned compatibility contract before depending on it for system-level work.
gap-11d12a65ebd8ed057afa,Normative language contract: Visibility,Language_Gap,[],"[""domain-fbe7266f95fc90d9eac1""]",Unknown,T1_Independent_Language_Platform,Medium,[],"[""A normative specification for Visibility with cross-revision compatibility guarantees and matching parser/typechecker evidence.""]",Language & type system,1,0,1,1,"Visibility is documented in spec/language_core.md, spec/language_reference.md with direct implementation evidence evidence-144d8c1ed5cd5ce830bf, evidence-2274d0884e4bb05a4b7b, evidence-2eeda1ed4d6bcbe8ba41, evidence-36510b73f83da25ec5e4, evidence-5e9356cb17ef95d4be12, evidence-671e810b7e2ffe60fbb3, evidence-ab1211a8f56a35c0eb97, evidence-b789df43e6f1c88b625e, evidence-c48d330d91a1c571cee6, evidence-c79ceda34fd4137276cd, evidence-dd282ac22cd0e59062f2, evidence-e67eed220d2c48ee199b, evidence-efb3f9adec4a1c735fee, evidence-fb197b693252737d9eee, evidence-fffdbd2d9a627d7fd662; current classified status is Unknown.",Publish and freeze the normative semantics for Visibility with a versioned compatibility contract before depending on it for system-level work.
gap-11e2af7ca4e5035a1c70,Driver observability gap,Implementation_Gap,[],"[""capability-observability-driver""]",Unknown,T3_Boot_And_Kernel_Foundation,Medium,"[""gate-773cbe5008ea0adfbf60""]","[""Disclosed limitations must remain recorded: No Nebula driver model exists, so no driver observability exists."",""Driver observability owned by a Nebula driver model with direct implementation evidence.""]",Drivers & Hardware,2,1,0,2,Driver observability: no OS-substrate implementation evidence exists (authoritative source docs/universeos/kernel_boundary.md).,Implement Driver observability in a Nebula-owned OS substrate; compiler or hosted-service operations evidence cannot raise this capability's maturity.
gap-132821e31a82452d307b,Normative language contract: Modules,Language_Gap,[],"[""domain-fbe7266f95fc90d9eac1""]",Unknown,T1_Independent_Language_Platform,Medium,[],"[""A normative specification for Modules with cross-revision compatibility guarantees and matching parser/typechecker evidence.""]",Language & type system,1,0,1,1,"Modules is documented in spec/language_core.md, spec/language_reference.md with direct implementation evidence evidence-144d8c1ed5cd5ce830bf, evidence-2274d0884e4bb05a4b7b, evidence-2eeda1ed4d6bcbe8ba41, evidence-36510b73f83da25ec5e4, evidence-5e9356cb17ef95d4be12, evidence-671e810b7e2ffe60fbb3, evidence-ab1211a8f56a35c0eb97, evidence-b789df43e6f1c88b625e, evidence-c48d330d91a1c571cee6, evidence-c79ceda34fd4137276cd, evidence-dd282ac22cd0e59062f2, evidence-e67eed220d2c48ee199b, evidence-efb3f9adec4a1c735fee, evidence-fb197b693252737d9eee, evidence-fffdbd2d9a627d7fd662; current classified status is Unknown.",Publish and freeze the normative semantics for Modules with a versioned compatibility contract before depending on it for system-level work.
gap-13f6c693265806e1ab32,"GUI, accessibility, and command shell foundations gap",Implementation_Gap,[],"[""capability-userspace-shell""]",Unknown,T4_Isolated_Userspace_Platform,Medium,"[""gate-692688d13d4a1669b9ff""]","[""A Nebula-owned GUI/accessibility/command shell for the isolated userspace platform with direct implementation evidence."",""Disclosed limitations must remain recorded: Host-owned / thin-host adjacency belongs to T0 and cannot raise this T4 capability's maturity above 0.; No Nebula-owned GUI, accessibility, or command shell for an isolated userspace platform exists.""]",Product Shell,2,1,0,2,"GUI, accessibility, and command shell foundations: only host-owned / thin-host adjacency exists (T0), so this T4 capability stays Maturity_Score 0 (authoritative source docs/universeos/architecture.md).","Implement GUI, accessibility, and command shell foundations above a Nebula-owned process/syscall boundary; host-owned adjacency cannot raise this T4 capability's maturity."
gap-149950b4b39140a89f95,OS-substrate subsystem: Process model,Implementation_Gap,[],"[""capability-kernel-process-model""]",Unknown,T3_Boot_And_Kernel_Foundation,High,[],"[""Direct implementation evidence of a kernel process model with process lifecycle management.""]",Kernel,2,1,1,1,Process model has no direct implementation evidence (no matching evidence); per Requirement 10.6 its Maturity_Score is 0 (absent). No kernel process model exists.,Register a positive implementation gate for Process model and produce direct implementation evidence before claiming any maturity; boot or prerequisite gates do not lift this subsystem.
gap-14d61a30dc57852f1300,Installers gap,Ecosystem_Gap,[],"[""capability-release-installers""]",Unknown,T1_Independent_Language_Platform,Medium,[],"[""Published installers with direct implementation evidence.""]",Release Engineering,1,0,0,1,Installers: no direct current implementation evidence (strongest observed status Unknown); authoritative source .github/workflows/release.yml.,Provide direct implementation/execution evidence for Installers; scoped compiler/tooling or Linux backend SDK release evidence cannot raise OS-substrate maturity.
gap-15d5b58da94ae0e8f489,Power-loss durability gap,Implementation_Gap,[],"[""capability-reliability-power-loss""]",Unknown,T4_Isolated_Userspace_Platform,Medium,"[""gate-7e6ff8c1b7bf228d2952""]","[""A power-loss durability guarantee for OS storage with direct implementation evidence."",""Disclosed limitations must remain recorded: No Nebula-owned power-loss durability guarantee exists.""]",System Services,2,2,0,2,Power-loss durability: no OS-substrate implementation evidence exists (authoritative source docs/universeos/architecture.md).,Implement Power-loss durability in a Nebula-owned OS substrate; compiler or hosted-service operations evidence cannot raise this capability's maturity.
gap-170e852861cc1fee5aee,OS-substrate subsystem: Driver lifecycle,Implementation_Gap,[],"[""capability-driver-lifecycle""]",Unknown,T3_Boot_And_Kernel_Foundation,High,[],"[""Direct implementation evidence of a driver lifecycle (registration, bind, unload) in a kernel-owned framework.""]",Drivers & Hardware,2,1,1,1,Driver lifecycle has no direct implementation evidence (no matching evidence); per Requirement 10.6 its Maturity_Score is 0 (absent). No driver lifecycle implementation exists.,Register a positive implementation gate for Driver lifecycle and produce direct implementation evidence before claiming any maturity; boot or prerequisite gates do not lift this subsystem.
gap-17d3c0a7c7274827db5a,Normative language contract: Lexical rules,Language_Gap,[],"[""domain-fbe7266f95fc90d9eac1""]",Unknown,T1_Independent_Language_Platform,Medium,[],"[""A normative specification for Lexical rules with cross-revision compatibility guarantees and matching parser/typechecker evidence.""]",Language & type system,1,0,0,1,"Lexical rules is documented in spec/grammar.ebnf, spec/language_core.md with direct implementation evidence evidence-144d8c1ed5cd5ce830bf, evidence-2274d0884e4bb05a4b7b, evidence-2eeda1ed4d6bcbe8ba41, evidence-36510b73f83da25ec5e4, evidence-5e9356cb17ef95d4be12, evidence-671e810b7e2ffe60fbb3, evidence-ab1211a8f56a35c0eb97, evidence-b789df43e6f1c88b625e, evidence-c48d330d91a1c571cee6, evidence-c79ceda34fd4137276cd, evidence-dd282ac22cd0e59062f2, evidence-e67eed220d2c48ee199b, evidence-efb3f9adec4a1c735fee, evidence-fb197b693252737d9eee, evidence-fffdbd2d9a627d7fd662; current classified status is Unknown.",Publish and freeze the normative semantics for Lexical rules with a versioned compatibility contract before depending on it for system-level work.
gap-1a3187763f7d38ec3274,OS-substrate subsystem: Capability enforcement,Implementation_Gap,[],"[""capability-kernel-capability-enforcement""]",Unknown,T3_Boot_And_Kernel_Foundation,Critical,[],"[""Direct implementation evidence of capability handles mediating access to kernel objects and privileged operations.""]",Kernel,2,2,2,1,Capability enforcement has no direct implementation evidence (no matching evidence); per Requirement 10.6 its Maturity_Score is 0 (absent). No kernel capability model or enforcement exists.,Register a positive implementation gate for Capability enforcement and produce direct implementation evidence before claiming any maturity; boot or prerequisite gates do not lift this subsystem.
gap-1c184ae82a11fb4a190d,Freestanding compiler ABI gap,Implementation_Gap,[],"[""capability-compiler-abi""]",Unknown,T1_Independent_Language_Platform,High,[],"[""A freestanding compiler ABI defined and implemented independently of the hosted C ABI and the host C++ toolchain.""]",Compiler & ABI,2,0,1,2,"No normative, in-scope, independent implementation was found for Freestanding compiler ABI; strongest observed evidence status is Unknown (authoritative source spec/abi_layout.md).","Define and implement Freestanding compiler ABI within its own scope; hosted C ABI, generated C++, clang-backed, or primitive relocatable-object evidence cannot satisfy it."
gap-1c64819653d90702d6a1,OS-substrate subsystem: Interrupt routing,Implementation_Gap,[],"[""capability-driver-interrupt-routing""]",Unknown,T3_Boot_And_Kernel_Foundation,Critical,[],"[""Direct implementation evidence of device interrupt routing to driver handlers.""]",Drivers & Hardware,2,2,1,1,Interrupt routing has no direct implementation evidence (no matching evidence); per Requirement 10.6 its Maturity_Score is 0 (absent). No interrupt-routing implementation exists; it cannot be inferred from boot evidence.,Register a positive implementation gate for Interrupt routing and produce direct implementation evidence before claiming any maturity; boot or prerequisite gates do not lift this subsystem.
gap-1d124ca3450c9facbe1f,Runtime/library/package gap: Reproducible builds,Verification_Gap,[],"[""capability-package-reproducibility""]",Unknown,T1_Independent_Language_Platform,Medium,[],"[""Implemented reproducible builds support with direct implementation evidence."",""Reproducible builds has no accepted implementation evidence.""]",Package & Ecosystem,1,0,1,1,Reproducible builds has no accepted current implementation satisfying Requirement 8.5; strongest observed status is Unknown (no matching evidence found).,Implement and verify Reproducible builds before depending on it for freestanding or ecosystem work.
gap-1de4289ed0583dd796d3,OS-substrate subsystem: Power management,Implementation_Gap,[],"[""capability-hw-power-management""]",Unknown,T3_Boot_And_Kernel_Foundation,High,[],"[""Direct implementation evidence of power-state and CPU idle management.""]",Kernel & Hardware,1,1,1,1,Power management has no direct implementation evidence (no matching evidence); per Requirement 10.6 its Maturity_Score is 0 (absent). No power-management implementation exists.,Register a positive implementation gate for Power management and produce direct implementation evidence before claiming any maturity; boot or prerequisite gates do not lift this subsystem.
gap-1e64d807393a185be911,OS-substrate subsystem: Network devices,Implementation_Gap,[],"[""capability-driver-network-devices""]",Unsupported,T3_Boot_And_Kernel_Foundation,High,[],"[""Direct implementation evidence of a network device driver.""]",Drivers & Hardware,2,1,1,1,"Network devices has no direct implementation evidence (matched evidence evidence-3a36a899e5cd1a19fb7a, evidence-728fa66f193ca3e4e506, evidence-c1d94b67438d35444278, evidence-d1fe291e3ce419d879cc); per Requirement 10.6 its Maturity_Score is 0 (absent). No network device driver exists.",Register a positive implementation gate for Network devices and produce direct implementation evidence before claiming any maturity; boot or prerequisite gates do not lift this subsystem.
gap-2070dba366da08e32da4,OS-substrate subsystem: Boot protocol,Implementation_Gap,[],"[""capability-hw-boot-protocol""]",Planned,T3_Boot_And_Kernel_Foundation,High,[],"[""Direct implementation evidence that a pinned boot protocol/ABI is honored by a linked, bootable kernel artifact.""]",Kernel & Hardware,3,1,2,2,"Boot protocol has no direct implementation evidence (matched evidence evidence-14eaae8dc1d5e6d358f2, evidence-26fb76735e839b771398, evidence-f6f771fa3bb504188583); per Requirement 10.6 its Maturity_Score is 0 (absent). A boot protocol/ABI candidate is documented but no implementation honors it; UOS-BOOT-001 remains planned.",Register a positive implementation gate for Boot protocol and produce direct implementation evidence before claiming any maturity; boot or prerequisite gates do not lift this subsystem.
gap-21541beabcab27b697f6,Semantic stability: Visibility,Verification_Gap,[],"[""domain-fbe7266f95fc90d9eac1""]",Unknown,T1_Independent_Language_Platform,Medium,[],"[""A published compatibility/stability policy governing Visibility with cross-revision guarantees and a negative-change process.""]",Language & type system,1,0,2,1,"Visibility has parser/typechecker implementation evidence (evidence-144d8c1ed5cd5ce830bf, evidence-2274d0884e4bb05a4b7b, evidence-2eeda1ed4d6bcbe8ba41, evidence-36510b73f83da25ec5e4, evidence-5e9356cb17ef95d4be12, evidence-671e810b7e2ffe60fbb3, evidence-ab1211a8f56a35c0eb97, evidence-b789df43e6f1c88b625e, evidence-c48d330d91a1c571cee6, evidence-c79ceda34fd4137276cd, evidence-dd282ac22cd0e59062f2, evidence-e67eed220d2c48ee199b, evidence-efb3f9adec4a1c735fee, evidence-fb197b693252737d9eee, evidence-fffdbd2d9a627d7fd662) but no compatibility policy, so its semantics are not yet stable across revisions.",Define a compatibility policy for Visibility so implemented behavior cannot silently change between revisions.
gap-24bd737adfafee216f74,Normative language contract: Generics,Language_Gap,[],"[""domain-fbe7266f95fc90d9eac1""]",Unknown,T1_Independent_Language_Platform,High,[],"[""A normative specification for Generics with cross-revision compatibility guarantees and matching parser/typechecker evidence.""]",Language & type system,2,0,1,1,"Generics is documented in spec/generics_policy.md, spec/type_system.md with direct implementation evidence evidence-144d8c1ed5cd5ce830bf, evidence-19429a0e9339edd0ae79, evidence-1da33b48535aee270420, evidence-2274d0884e4bb05a4b7b, evidence-268264b031bca69dacf8, evidence-2eeda1ed4d6bcbe8ba41, evidence-36510b73f83da25ec5e4, evidence-588637a269b6497fbb2c, evidence-5e9356cb17ef95d4be12, evidence-64bece4cc18508fe729c, evidence-671e810b7e2ffe60fbb3, evidence-75e1ab5848df15d611f9, evidence-ab1211a8f56a35c0eb97, evidence-ae007f2fb227b343aae0, evidence-aeda7ee5443349dc5a62, evidence-b789df43e6f1c88b625e, evidence-b953368c149d6d373032, evidence-c48d330d91a1c571cee6, evidence-c79ceda34fd4137276cd, evidence-cbeee7c906e568ad120b, evidence-ccbe839da67a36757cd4, evidence-dd282ac22cd0e59062f2, evidence-e67eed220d2c48ee199b, evidence-ec91ba371bb7b1739de5, evidence-efb3f9adec4a1c735fee, evidence-f1ba1a49ff3e526f119e, evidence-fb197b693252737d9eee, evidence-fb3b99361260bfe222c0, evidence-fffdbd2d9a627d7fd662; current classified status is Unknown.",Publish and freeze the normative semantics for Generics with a versioned compatibility contract before depending on it for system-level work.
gap-25069ee03468caec0619,Semantic stability: Lifetimes,Verification_Gap,[],"[""domain-fbe7266f95fc90d9eac1""]",Unknown,T1_Independent_Language_Platform,Critical,[],"[""A published compatibility/stability policy governing Lifetimes with cross-revision guarantees and a negative-change process.""]",Language & type system,1,2,2,1,"Lifetimes has parser/typechecker implementation evidence (evidence-19429a0e9339edd0ae79, evidence-1da33b48535aee270420, evidence-268264b031bca69dacf8, evidence-588637a269b6497fbb2c, evidence-64bece4cc18508fe729c, evidence-75e1ab5848df15d611f9, evidence-ae007f2fb227b343aae0, evidence-aeda7ee5443349dc5a62, evidence-b953368c149d6d373032, evidence-cbeee7c906e568ad120b, evidence-ccbe839da67a36757cd4, evidence-ec91ba371bb7b1739de5, evidence-f1ba1a49ff3e526f119e, evidence-fb3b99361260bfe222c0) but no compatibility policy, so its semantics are not yet stable across revisions.",Define a compatibility policy for Lifetimes so implemented behavior cannot silently change between revisions.
gap-25f7a29878ca19d9bc88,"Concurrency, atomics, ordering, and data-race model gap",Language_Gap,[],"[""capability-concurrency-model""]",Unknown,T1_Independent_Language_Platform,Medium,[],"[""A normative concurrency model covering threads, tasks, actors, structured concurrency, interruption, atomics, memory ordering, data-race freedom, interrupt safety, and synchronization primitives.""]",Language & Safety,2,3,0,2,"No normative, implemented contract was found for this capability; strongest observed evidence status is Unknown (authoritative source spec/language_core.md).",Define the normative semantics and provide direct implementation evidence before relying on this capability for system-level code.
gap-26c6b76c0f75a98fc83c,Strict build matrices gap,Verification_Gap,[],"[""capability-release-strict-build-matrix""]",Unknown,T1_Independent_Language_Platform,Medium,[],"[""A strict multi-platform build matrix with direct execution evidence.""]",Release Engineering,1,0,0,1,Strict build matrices: no direct current implementation evidence (strongest observed status Unknown); authoritative source CMakeLists.txt.,Provide direct implementation/execution evidence for Strict build matrices; scoped compiler/tooling or Linux backend SDK release evidence cannot raise OS-substrate maturity.
gap-2701769020110a39e951,Semantic stability: Nullable values,Verification_Gap,[],"[""domain-fbe7266f95fc90d9eac1""]",Unknown,T1_Independent_Language_Platform,High,[],"[""A published compatibility/stability policy governing Nullable values with cross-revision guarantees and a negative-change process.""]",Language & type system,1,1,2,1,"Nullable values has parser/typechecker implementation evidence (evidence-144d8c1ed5cd5ce830bf, evidence-2274d0884e4bb05a4b7b, evidence-2eeda1ed4d6bcbe8ba41, evidence-36510b73f83da25ec5e4, evidence-5e9356cb17ef95d4be12, evidence-671e810b7e2ffe60fbb3, evidence-ab1211a8f56a35c0eb97, evidence-b789df43e6f1c88b625e, evidence-c48d330d91a1c571cee6, evidence-c79ceda34fd4137276cd, evidence-dd282ac22cd0e59062f2, evidence-e67eed220d2c48ee199b, evidence-efb3f9adec4a1c735fee, evidence-fb197b693252737d9eee, evidence-fffdbd2d9a627d7fd662) but no compatibility policy, so its semantics are not yet stable across revisions.",Define a compatibility policy for Nullable values so implemented behavior cannot silently change between revisions.
gap-27bbafc3f46e5382904a,OS-substrate subsystem: Scheduler,Implementation_Gap,[],"[""capability-kernel-scheduler""]",Unsupported,T3_Boot_And_Kernel_Foundation,Critical,[],"[""Direct implementation evidence of a kernel scheduler selecting execution contexts, backed by timer and context-switch support.""]",Kernel,3,2,2,2,"Scheduler has no direct implementation evidence (matched evidence evidence-0c8a8aaf00020a404353, evidence-1306c26f99af7c3615f1, evidence-1c6b6989a922d26e602a, evidence-26fb76735e839b771398, evidence-3de068dc79035529803e, evidence-43bb99a969425ec0e7bb, evidence-6906469698a8ac64d0f2, evidence-6988aa389d81112c36e5, evidence-6ccb68b631cbc6ab34b0, evidence-7d0495329cbb3d85500a, evidence-92c3c661e31c4ca5813a, evidence-92f50b282fbfc1fdf335, evidence-95a41af333da784d1f6b, evidence-a42c1d0c8ba505ffdd63, evidence-b36b288a1b992f91425b, evidence-b55bf1aafa8c35f67d82, evidence-c1d94b67438d35444278, evidence-c26208dbf9d09e1469fd, evidence-d2b95a83993040395a12, evidence-d317e017757b53bead27, evidence-dea2d9c4aba8fa271e70, evidence-e3a610b897321bed7d51, evidence-f19d5c1a095c7d315769, evidence-f7d0f0c0bb7190d5bc07); per Requirement 10.6 its Maturity_Score is 0 (absent). No kernel scheduler exists; hosted service-manager examples are not scheduler evidence.",Register a positive implementation gate for Scheduler and produce direct implementation evidence before claiming any maturity; boot or prerequisite gates do not lift this subsystem.
gap-299e425f9919bcbc3dda,Kernel/user log and event correlation gap,Implementation_Gap,[],"[""capability-observability-kernel-user-correlation""]",Unknown,T5_Operable_Universe_OS,Medium,"[""gate-773cbe5008ea0adfbf60""]","[""Correlated kernel and userspace observability across an operable Universe OS with direct implementation evidence."",""Disclosed limitations must remain recorded: No kernel or userspace layers exist, so no kernel/user observability correlation exists.""]",Operations,2,1,0,2,Kernel/user log and event correlation: no OS-substrate implementation evidence exists (authoritative source docs/universeos/architecture.md).,Implement Kernel/user log and event correlation in a Nebula-owned OS substrate; compiler or hosted-service operations evidence cannot raise this capability's maturity.
gap-2a9540d5e4e435b7fc95,"Debugger integration, stack traces, symbols, and crash dumps gap",Verification_Gap,[],"[""capability-observability-debug-symbols""]",Unknown,T1_Independent_Language_Platform,Medium,"[""gate-773cbe5008ea0adfbf60""]","[""Debugger integration, stack traces, symbol resolution, and crash-dump support with direct current implementation evidence in the hosted toolchain."",""Disclosed limitations must remain recorded: Hosted debug tooling does not provide kernel or userspace crash observability for an OS substrate.""]",Developer Tooling,1,1,0,1,"Debugger integration, stack traces, symbols, and crash dumps: no direct current implementation evidence for this hosted tooling capability (authoritative source spec/compiler_pipeline.md).","Provide direct current implementation evidence for Debugger integration, stack traces, symbols, and crash dumps in the hosted toolchain/service scope."
gap-2b0308c0972072891347,Runtime/library/package gap: Freestanding exception policy,Implementation_Gap,[],"[""capability-runtime-exception-policy""]",Unknown,T2_Freestanding_Substrate,High,[],"[""A freestanding exception policy with implementation evidence."",""Freestanding exception policy is unspecified and unimplemented.""]",Freestanding Runtime,2,0,1,2,Freestanding exception policy has no accepted current implementation satisfying Requirement 8.1; strongest observed status is Unknown (no matching evidence found).,Implement and verify Freestanding exception policy before depending on it for freestanding or ecosystem work.
gap-2ca42303b8c13fe382f1,Compiler supply chain and artifact integrity gap,Verification_Gap,[],"[""capability-security-compiler-supply-chain""]",Unknown,T1_Independent_Language_Platform,Medium,"[""gate-024e105461e96cffee40""]","[""Compiler supply-chain controls and artifact-integrity evidence (SBOM, provenance, attestation) with direct current implementation evidence."",""Disclosed limitations must remain recorded: Compiler supply-chain evidence is scoped to hosted tooling releases and cannot raise OS-substrate security maturity.""]",Release Engineering,1,3,0,1,Compiler supply chain and artifact integrity: no direct current implementation evidence for this hosted tooling capability (authoritative source .github/workflows/release.yml).,Provide direct current implementation evidence for Compiler supply chain and artifact integrity in the hosted toolchain/service scope.
gap-2d5e1574b4c56848461d,Semantic stability: Control flow,Verification_Gap,[],"[""domain-fbe7266f95fc90d9eac1""]",Unknown,T1_Independent_Language_Platform,Medium,[],"[""A published compatibility/stability policy governing Control flow with cross-revision guarantees and a negative-change process.""]",Language & type system,1,0,2,1,"Control flow has parser/typechecker implementation evidence (evidence-144d8c1ed5cd5ce830bf, evidence-19429a0e9339edd0ae79, evidence-1da33b48535aee270420, evidence-2274d0884e4bb05a4b7b, evidence-268264b031bca69dacf8, evidence-2eeda1ed4d6bcbe8ba41, evidence-36510b73f83da25ec5e4, evidence-588637a269b6497fbb2c, evidence-5e9356cb17ef95d4be12, evidence-64bece4cc18508fe729c, evidence-671e810b7e2ffe60fbb3, evidence-75e1ab5848df15d611f9, evidence-ab1211a8f56a35c0eb97, evidence-ae007f2fb227b343aae0, evidence-aeda7ee5443349dc5a62, evidence-b789df43e6f1c88b625e, evidence-b953368c149d6d373032, evidence-c48d330d91a1c571cee6, evidence-c79ceda34fd4137276cd, evidence-cbeee7c906e568ad120b, evidence-ccbe839da67a36757cd4, evidence-dd282ac22cd0e59062f2, evidence-e67eed220d2c48ee199b, evidence-ec91ba371bb7b1739de5, evidence-efb3f9adec4a1c735fee, evidence-f1ba1a49ff3e526f119e, evidence-fb197b693252737d9eee, evidence-fb3b99361260bfe222c0, evidence-fffdbd2d9a627d7fd662) but no compatibility policy, so its semantics are not yet stable across revisions.",Define a compatibility policy for Control flow so implemented behavior cannot silently change between revisions.
gap-2ea71d1b6ef8e7a227b1,Semantic stability: Pointers,Verification_Gap,[],"[""domain-fbe7266f95fc90d9eac1""]",Unknown,T1_Independent_Language_Platform,Critical,[],"[""A published compatibility/stability policy governing Pointers with cross-revision guarantees and a negative-change process.""]",Language & type system,1,2,2,1,"Pointers has parser/typechecker implementation evidence (evidence-144d8c1ed5cd5ce830bf, evidence-2274d0884e4bb05a4b7b, evidence-2eeda1ed4d6bcbe8ba41, evidence-36510b73f83da25ec5e4, evidence-5e9356cb17ef95d4be12, evidence-671e810b7e2ffe60fbb3, evidence-ab1211a8f56a35c0eb97, evidence-b789df43e6f1c88b625e, evidence-c48d330d91a1c571cee6, evidence-c79ceda34fd4137276cd, evidence-dd282ac22cd0e59062f2, evidence-e67eed220d2c48ee199b, evidence-efb3f9adec4a1c735fee, evidence-fb197b693252737d9eee, evidence-fffdbd2d9a627d7fd662) but no compatibility policy, so its semantics are not yet stable across revisions.",Define a compatibility policy for Pointers so implemented behavior cannot silently change between revisions.
gap-2f240b74dd3338a6e621,OS-substrate subsystem: Audio devices,Implementation_Gap,[],"[""capability-driver-audio""]",Unknown,T3_Boot_And_Kernel_Foundation,High,[],"[""Direct implementation evidence of an audio device driver.""]",Drivers & Hardware,1,1,1,1,Audio devices has no direct implementation evidence (no matching evidence); per Requirement 10.6 its Maturity_Score is 0 (absent). No audio device driver exists.,Register a positive implementation gate for Audio devices and produce direct implementation evidence before claiming any maturity; boot or prerequisite gates do not lift this subsystem.
gap-322f39da36fa0b765c5a,Semantic stability: Aggregates,Verification_Gap,[],"[""domain-fbe7266f95fc90d9eac1""]",Unknown,T1_Independent_Language_Platform,High,[],"[""A published compatibility/stability policy governing Aggregates with cross-revision guarantees and a negative-change process.""]",Language & type system,2,0,2,1,"Aggregates has parser/typechecker implementation evidence (evidence-144d8c1ed5cd5ce830bf, evidence-2274d0884e4bb05a4b7b, evidence-2eeda1ed4d6bcbe8ba41, evidence-36510b73f83da25ec5e4, evidence-5e9356cb17ef95d4be12, evidence-61fa5e8ce3f4f1c2215d, evidence-671e810b7e2ffe60fbb3, evidence-8134bb444b9ff6c2a6c3, evidence-9590cac46c0ee80276c5, evidence-9f5649d58b6b0a875add, evidence-a161e7e02d04f1b94fe6, evidence-a9922399f899da3770cf, evidence-ab1211a8f56a35c0eb97, evidence-b789df43e6f1c88b625e, evidence-c11528bb42afadadb318, evidence-c48d330d91a1c571cee6, evidence-c79ceda34fd4137276cd, evidence-dd282ac22cd0e59062f2, evidence-e67eed220d2c48ee199b, evidence-efb3f9adec4a1c735fee, evidence-f6e2fffbc042fd84d3c5, evidence-fb197b693252737d9eee, evidence-fffdbd2d9a627d7fd662) but no compatibility policy, so its semantics are not yet stable across revisions.",Define a compatibility policy for Aggregates so implemented behavior cannot silently change between revisions.
gap-33da1b3145f0078b4493,OS-substrate subsystem: Physical memory management,Implementation_Gap,[],"[""capability-hw-physical-memory""]",Unknown,T3_Boot_And_Kernel_Foundation,Critical,[],"[""Direct implementation evidence of a physical frame allocator over a parsed boot memory map.""]",Kernel & Hardware,3,2,1,2,Physical memory management has no direct implementation evidence (no matching evidence); per Requirement 10.6 its Maturity_Score is 0 (absent). No physical memory manager or frame allocator implementation exists.,Register a positive implementation gate for Physical memory management and produce direct implementation evidence before claiming any maturity; boot or prerequisite gates do not lift this subsystem.
gap-397e6b151f8ea156f074,Normative language contract: Traits or protocols,Language_Gap,[],"[""domain-fbe7266f95fc90d9eac1""]",Unknown,T1_Independent_Language_Platform,High,[],"[""A normative specification for Traits or protocols with cross-revision compatibility guarantees and matching parser/typechecker evidence.""]",Language & type system,2,0,1,1,"Traits or protocols is documented in spec/language_reference.md, spec/type_system.md with direct implementation evidence evidence-19429a0e9339edd0ae79, evidence-1da33b48535aee270420, evidence-268264b031bca69dacf8, evidence-588637a269b6497fbb2c, evidence-64bece4cc18508fe729c, evidence-75e1ab5848df15d611f9, evidence-ae007f2fb227b343aae0, evidence-aeda7ee5443349dc5a62, evidence-b953368c149d6d373032, evidence-cbeee7c906e568ad120b, evidence-ccbe839da67a36757cd4, evidence-ec91ba371bb7b1739de5, evidence-f1ba1a49ff3e526f119e, evidence-fb3b99361260bfe222c0; current classified status is Unknown.",Publish and freeze the normative semantics for Traits or protocols with a versioned compatibility contract before depending on it for system-level work.
gap-3cdbc7218ca2523cadbd,Boot protocol and firmware handoff gap,Implementation_Gap,"[""Verification_Gap""]","[""domain-3cdbc7218ca2523cadbd""]",Planned,T2_Freestanding_Substrate,High,[],"[""An implemented boot protocol / firmware handoff contract (entry state, memory map, and hand-off registers) for a supported target.""]",Boot Toolchain,2,1,1,2,"Boot protocol and firmware handoff has no direct implementation evidence; strongest observed status is Planned. It remains a separate, unmerged pre-kernel Hard-Gate candidate.",Implement Boot protocol and firmware handoff as an independent gate with direct evidence; it must not be satisfied by upstream or primitive relocatable-object proofs.
gap-3ea5b20a703b580acb22,Scheduler-independent concurrency implementation gap,Implementation_Gap,[],"[""capability-scheduler-independent-concurrency""]",Unsupported,T2_Freestanding_Substrate,High,[],"[""A scheduler-independent concurrency implementation that does not depend on the hosted cooperative runtime.""]",Runtime & Concurrency,3,2,0,3,No scheduler-independent concurrency implementation exists (authoritative source runtime/nebula_runtime.hpp).,Implement scheduler-independent concurrency that does not depend on the hosted cooperative runtime.
gap-3fc021aad2aceecdf327,Semantic stability: Traits or protocols,Verification_Gap,[],"[""domain-fbe7266f95fc90d9eac1""]",Unknown,T1_Independent_Language_Platform,High,[],"[""A published compatibility/stability policy governing Traits or protocols with cross-revision guarantees and a negative-change process.""]",Language & type system,2,0,2,1,"Traits or protocols has parser/typechecker implementation evidence (evidence-19429a0e9339edd0ae79, evidence-1da33b48535aee270420, evidence-268264b031bca69dacf8, evidence-588637a269b6497fbb2c, evidence-64bece4cc18508fe729c, evidence-75e1ab5848df15d611f9, evidence-ae007f2fb227b343aae0, evidence-aeda7ee5443349dc5a62, evidence-b953368c149d6d373032, evidence-cbeee7c906e568ad120b, evidence-ccbe839da67a36757cd4, evidence-ec91ba371bb7b1739de5, evidence-f1ba1a49ff3e526f119e, evidence-fb3b99361260bfe222c0) but no compatibility policy, so its semantics are not yet stable across revisions.",Define a compatibility policy for Traits or protocols so implemented behavior cannot silently change between revisions.
gap-40575077041f38f474d9,Application distribution gap,Ecosystem_Gap,[],"[""capability-userspace-app-distribution""]",Unknown,T4_Isolated_Userspace_Platform,Medium,"[""gate-42b6c22c8d119e7057bc""]","[""A Nebula-owned application distribution mechanism for the isolated userspace platform with direct implementation evidence."",""Disclosed limitations must remain recorded: Host-owned / thin-host adjacency belongs to T0 and cannot raise this T4 capability's maturity above 0.; No Nebula-owned application distribution mechanism for an isolated userspace platform exists.""]",Ecosystem,2,1,0,2,"Application distribution: only host-owned / thin-host adjacency exists (T0), so this T4 capability stays Maturity_Score 0 (authoritative source docs/universeos/architecture.md).",Implement Application distribution above a Nebula-owned process/syscall boundary; host-owned adjacency cannot raise this T4 capability's maturity.
gap-408518c1c42b652b0c2e,Linker integration gap,Implementation_Gap,[],"[""capability-pipeline-linker""]",Unsupported,T1_Independent_Language_Platform,High,[],"[""Linker integration that produces linked images without a host toolchain dependency.""]",Compiler & ABI,2,0,2,2,"No normative, in-scope, independent implementation was found for Linker integration; strongest observed evidence status is Unsupported (authoritative source spec/compiler_pipeline.md).","Define and implement Linker integration within its own scope; hosted C ABI, generated C++, clang-backed, or primitive relocatable-object evidence cannot satisfy it."
gap-41dde442fea44b72abdd,OS-substrate subsystem: MMU,Implementation_Gap,[],"[""capability-hw-mmu""]",Unsupported,T3_Boot_And_Kernel_Foundation,Critical,[],"[""Direct implementation evidence of MMU configuration and address translation control.""]",Kernel & Hardware,3,2,2,2,"MMU has no direct implementation evidence (matched evidence evidence-0c8a8aaf00020a404353, evidence-2068f2ca96853b1f6ad2, evidence-26fb76735e839b771398, evidence-92f50b282fbfc1fdf335, evidence-93474c2170b1ecf2b8eb, evidence-c1d94b67438d35444278, evidence-d2b95a83993040395a12, evidence-d317e017757b53bead27, evidence-dea2d9c4aba8fa271e70, evidence-e3a610b897321bed7d51, evidence-f7d0f0c0bb7190d5bc07); per Requirement 10.6 its Maturity_Score is 0 (absent). No MMU implementation exists.",Register a positive implementation gate for MMU and produce direct implementation evidence before claiming any maturity; boot or prerequisite gates do not lift this subsystem.
gap-44e70fa0a92d5c143830,OS-substrate subsystem: Bus abstractions,Implementation_Gap,[],"[""capability-driver-bus-abstraction""]",Unknown,T3_Boot_And_Kernel_Foundation,High,[],"[""Direct implementation evidence of a bus abstraction (e.g. PCI/USB) used by drivers.""]",Drivers & Hardware,2,1,1,1,Bus abstractions has no direct implementation evidence (no matching evidence); per Requirement 10.6 its Maturity_Score is 0 (absent). No bus-abstraction implementation exists.,Register a positive implementation gate for Bus abstractions and produce direct implementation evidence before claiming any maturity; boot or prerequisite gates do not lift this subsystem.
gap-450ef42e5161888b60d5,Package ABI gap,Implementation_Gap,[],"[""capability-package-abi""]",Unknown,T1_Independent_Language_Platform,High,[],"[""A package ABI defined and implemented for cross-package binary compatibility.""]",Compiler & ABI,2,0,1,2,"No normative, in-scope, independent implementation was found for Package ABI; strongest observed evidence status is Unknown (authoritative source spec/abi_layout.md).","Define and implement Package ABI within its own scope; hosted C ABI, generated C++, clang-backed, or primitive relocatable-object evidence cannot satisfy it."
gap-458182cf909a2fb50b37,Normative language contract: Closures,Language_Gap,[],"[""domain-fbe7266f95fc90d9eac1""]",Unknown,T1_Independent_Language_Platform,Medium,[],"[""A normative specification for Closures with cross-revision compatibility guarantees and matching parser/typechecker evidence.""]",Language & type system,1,0,1,1,"Closures is documented in spec/language_core.md, spec/type_system.md with direct implementation evidence evidence-144d8c1ed5cd5ce830bf, evidence-19429a0e9339edd0ae79, evidence-1da33b48535aee270420, evidence-2274d0884e4bb05a4b7b, evidence-268264b031bca69dacf8, evidence-2eeda1ed4d6bcbe8ba41, evidence-36510b73f83da25ec5e4, evidence-588637a269b6497fbb2c, evidence-5e9356cb17ef95d4be12, evidence-64bece4cc18508fe729c, evidence-671e810b7e2ffe60fbb3, evidence-75e1ab5848df15d611f9, evidence-ab1211a8f56a35c0eb97, evidence-ae007f2fb227b343aae0, evidence-aeda7ee5443349dc5a62, evidence-b789df43e6f1c88b625e, evidence-b953368c149d6d373032, evidence-c48d330d91a1c571cee6, evidence-c79ceda34fd4137276cd, evidence-cbeee7c906e568ad120b, evidence-ccbe839da67a36757cd4, evidence-dd282ac22cd0e59062f2, evidence-e67eed220d2c48ee199b, evidence-ec91ba371bb7b1739de5, evidence-efb3f9adec4a1c735fee, evidence-f1ba1a49ff3e526f119e, evidence-fb197b693252737d9eee, evidence-fb3b99361260bfe222c0, evidence-fffdbd2d9a627d7fd662; current classified status is Unknown.",Publish and freeze the normative semantics for Closures with a versioned compatibility contract before depending on it for system-level work.
gap-4836d25d4e7f20ce4022,Runtime ABI gap,Implementation_Gap,[],"[""capability-runtime-abi""]",Unknown,T2_Freestanding_Substrate,High,[],"[""A freestanding runtime ABI defined and implemented without a hosted runtime dependency.""]",Freestanding Runtime,3,0,1,3,"No normative, in-scope, independent implementation was found for Runtime ABI; strongest observed evidence status is Unknown (authoritative source spec/abi_layout.md).","Define and implement Runtime ABI within its own scope; hosted C ABI, generated C++, clang-backed, or primitive relocatable-object evidence cannot satisfy it."
gap-4af9ae09f55639ec353c,Backup and recovery gap,Implementation_Gap,[],"[""capability-userspace-backup-recovery""]",Unknown,T4_Isolated_Userspace_Platform,High,"[""gate-b410a95ca824df27251d""]","[""A Nebula-owned backup and recovery mechanism for the OS platform with direct implementation evidence."",""Disclosed limitations must remain recorded: Host-owned / thin-host adjacency belongs to T0 and cannot raise this T4 capability's maturity above 0.; No Nebula-owned backup or recovery mechanism exists.""]",Update & Recovery,2,2,0,2,"Backup and recovery: only host-owned / thin-host adjacency exists (T0), so this T4 capability stays Maturity_Score 0 (authoritative source docs/universeos/architecture.md).",Implement Backup and recovery above a Nebula-owned process/syscall boundary; host-owned adjacency cannot raise this T4 capability's maturity.
gap-4dab7e389c9b59aa2550,OS-substrate subsystem: Device discovery,Implementation_Gap,[],"[""capability-driver-device-discovery""]",Unknown,T3_Boot_And_Kernel_Foundation,High,[],"[""Direct implementation evidence of device discovery/enumeration in a kernel-owned driver framework.""]",Drivers & Hardware,2,1,1,1,Device discovery has no direct implementation evidence (no matching evidence); per Requirement 10.6 its Maturity_Score is 0 (absent). No device-discovery implementation exists; the gate registry has no driver gate.,Register a positive implementation gate for Device discovery and produce direct implementation evidence before claiming any maturity; boot or prerequisite gates do not lift this subsystem.
gap-4db178460bc95e2bc423,"Compiler diagnostics, LSP, formatter, and explain data gap",Verification_Gap,[],"[""capability-observability-compiler-diagnostics""]",Unsupported,T1_Independent_Language_Platform,Medium,"[""gate-773cbe5008ea0adfbf60""]","[""Compiler diagnostics, LSP, formatter, and explain-data tooling with direct current implementation evidence; scoped to hosted developer tooling, not OS observability."",""Disclosed limitations must remain recorded: Compiler diagnostics and hosted developer tooling are not boot, kernel, driver, or userspace observability.""]",Developer Tooling,1,1,0,1,"Compiler diagnostics, LSP, formatter, and explain data: no direct current implementation evidence for this hosted tooling capability (authoritative source spec/compiler_pipeline.md).","Provide direct current implementation evidence for Compiler diagnostics, LSP, formatter, and explain data in the hosted toolchain/service scope."
gap-507ff057036b66847758,Normative language contract: Aggregates,Language_Gap,[],"[""domain-fbe7266f95fc90d9eac1""]",Unknown,T1_Independent_Language_Platform,High,[],"[""A normative specification for Aggregates with cross-revision compatibility guarantees and matching parser/typechecker evidence.""]",Language & type system,2,0,1,1,"Aggregates is documented in spec/abi_layout.md, spec/type_system.md with direct implementation evidence evidence-144d8c1ed5cd5ce830bf, evidence-2274d0884e4bb05a4b7b, evidence-2eeda1ed4d6bcbe8ba41, evidence-36510b73f83da25ec5e4, evidence-5e9356cb17ef95d4be12, evidence-61fa5e8ce3f4f1c2215d, evidence-671e810b7e2ffe60fbb3, evidence-8134bb444b9ff6c2a6c3, evidence-9590cac46c0ee80276c5, evidence-9f5649d58b6b0a875add, evidence-a161e7e02d04f1b94fe6, evidence-a9922399f899da3770cf, evidence-ab1211a8f56a35c0eb97, evidence-b789df43e6f1c88b625e, evidence-c11528bb42afadadb318, evidence-c48d330d91a1c571cee6, evidence-c79ceda34fd4137276cd, evidence-dd282ac22cd0e59062f2, evidence-e67eed220d2c48ee199b, evidence-efb3f9adec4a1c735fee, evidence-f6e2fffbc042fd84d3c5, evidence-fb197b693252737d9eee, evidence-fffdbd2d9a627d7fd662; current classified status is Unknown.",Publish and freeze the normative semantics for Aggregates with a versioned compatibility contract before depending on it for system-level work.
gap-50f53b51b1aadea901fd,Runtime/library/package gap: Lock file,Implementation_Gap,[],"[""capability-package-lock""]",Unknown,T1_Independent_Language_Platform,Medium,[],"[""Implemented lock file support with direct implementation evidence."",""Lock file has no accepted implementation evidence.""]",Package & Ecosystem,1,0,1,1,"Lock file has no accepted current implementation satisfying Requirement 8.5; strongest observed status is Unknown (matched evidence: evidence-0b57cb6ba067fb6b54e0, evidence-13d79a778260e1aa6721, evidence-1ce6f2523d2e247044c0, evidence-217f3d039e13f48e6b8b, evidence-22cd1db70210cebdf769, evidence-245d37a8c8cd7542bd4d, evidence-27fba627dde9cff7545b, evidence-3c5f1acebc3258b48730, evidence-3f24c30c6ceb8113f1e2, evidence-59444baa41dfb87d07c7, evidence-5b121233f82e78529e15, evidence-60ddb026a0114a6ecd67, evidence-71f87020a35e4984a041, evidence-75235b88730dc0abdbba, evidence-7e11a58b24f23413e350, evidence-93b6716add92bbe4f099, evidence-9bb8ddcd347b3f3aab7e, evidence-a25564bd870060ab9fd6, evidence-a5b548826750cabfb985, evidence-ad716c473bef1885ec64, evidence-bcedcfa165974cdfeed6, evidence-bd3e483a14f0a6704519, evidence-c703e2a84932dc2c31cf, evidence-d304b44d6ce1431eec5c, evidence-d69cf52f5e1a0f29dd38).",Implement and verify Lock file before depending on it for freestanding or ecosystem work.
gap-512b698906d1d17c0c4f,Normative language contract: Constrained generics,Language_Gap,[],"[""domain-fbe7266f95fc90d9eac1""]",Unknown,T1_Independent_Language_Platform,High,[],"[""A normative specification for Constrained generics with cross-revision compatibility guarantees and matching parser/typechecker evidence.""]",Language & type system,2,0,1,1,"Constrained generics is documented in spec/generics_policy.md with direct implementation evidence evidence-19429a0e9339edd0ae79, evidence-1da33b48535aee270420, evidence-268264b031bca69dacf8, evidence-588637a269b6497fbb2c, evidence-64bece4cc18508fe729c, evidence-75e1ab5848df15d611f9, evidence-ae007f2fb227b343aae0, evidence-aeda7ee5443349dc5a62, evidence-b953368c149d6d373032, evidence-cbeee7c906e568ad120b, evidence-ccbe839da67a36757cd4, evidence-ec91ba371bb7b1739de5, evidence-f1ba1a49ff3e526f119e, evidence-fb3b99361260bfe222c0; current classified status is Unknown.",Publish and freeze the normative semantics for Constrained generics with a versioned compatibility contract before depending on it for system-level work.
gap-525059aa6d1465e6f187,OS-substrate subsystem: Timers,Implementation_Gap,[],"[""capability-hw-timers""]",Unknown,T3_Boot_And_Kernel_Foundation,High,[],"[""Direct implementation evidence of a hardware timer/clock-source driver usable for scheduling and timekeeping.""]",Kernel & Hardware,2,1,1,1,"Timers has no direct implementation evidence (matched evidence evidence-0923067ce3b9f9e2c299, evidence-2404ef86631b42112e57, evidence-26a696d125cf1ff24458, evidence-2f3601b5671811d94baa, evidence-42df33b6ebc6af455a42); per Requirement 10.6 its Maturity_Score is 0 (absent). No timer or clock-source implementation exists.",Register a positive implementation gate for Timers and produce direct implementation evidence before claiming any maturity; boot or prerequisite gates do not lift this subsystem.
gap-5358923beca02112e5d2,Application sandboxing and confinement gap,Implementation_Gap,[],"[""capability-userspace-sandbox""]",Unknown,T4_Isolated_Userspace_Platform,High,"[""gate-31536f160af23ad4d269""]","[""An implemented sandbox/confinement mechanism enforced by the Nebula-owned process/capability boundary."",""Disclosed limitations must remain recorded: Host-owned / thin-host adjacency belongs to T0 and cannot raise this T4 capability's maturity above 0.; No application sandboxing or confinement mechanism exists.""]",Userspace & Isolation,3,3,0,3,"Application sandboxing and confinement: only host-owned / thin-host adjacency exists (T0), so this T4 capability stays Maturity_Score 0 (authoritative source docs/universeos/kernel_boundary.md).",Implement Application sandboxing and confinement above a Nebula-owned process/syscall boundary; host-owned adjacency cannot raise this T4 capability's maturity.
gap-54320425ec94c88a720e,Frontend completeness gap,Implementation_Gap,[],"[""capability-pipeline-frontend""]",Unknown,T1_Independent_Language_Platform,Medium,[],"[""Frontend (lexer/parser/typechecker) implementation evidence for the supported language surface.""]",Compiler & ABI,2,0,1,2,"No normative, in-scope, independent implementation was found for Frontend completeness; strongest observed evidence status is Unknown (authoritative source spec/compiler_pipeline.md).","Define and implement Frontend completeness within its own scope; hosted C ABI, generated C++, clang-backed, or primitive relocatable-object evidence cannot satisfy it."
gap-5495a3220948698d81c5,Runtime/library/package gap: Offline operation,Ecosystem_Gap,[],"[""capability-package-offline""]",Unknown,T1_Independent_Language_Platform,Medium,[],"[""Implemented offline operation support with direct implementation evidence."",""Offline operation has no accepted implementation evidence.""]",Package & Ecosystem,1,0,1,1,Offline operation has no accepted current implementation satisfying Requirement 8.5; strongest observed status is Unknown (no matching evidence found).,Implement and verify Offline operation before depending on it for freestanding or ecosystem work.
gap-55ad963067c1ba451d67,Normative language contract: Arrays,Language_Gap,[],"[""domain-fbe7266f95fc90d9eac1""]",Unknown,T1_Independent_Language_Platform,Medium,[],"[""A normative specification for Arrays with cross-revision compatibility guarantees and matching parser/typechecker evidence.""]",Language & type system,1,0,1,1,"Arrays is documented in spec/abi_layout.md, spec/type_system.md with direct implementation evidence evidence-144d8c1ed5cd5ce830bf, evidence-2274d0884e4bb05a4b7b, evidence-2eeda1ed4d6bcbe8ba41, evidence-36510b73f83da25ec5e4, evidence-5e9356cb17ef95d4be12, evidence-61fa5e8ce3f4f1c2215d, evidence-671e810b7e2ffe60fbb3, evidence-8134bb444b9ff6c2a6c3, evidence-9590cac46c0ee80276c5, evidence-9f5649d58b6b0a875add, evidence-a161e7e02d04f1b94fe6, evidence-a9922399f899da3770cf, evidence-ab1211a8f56a35c0eb97, evidence-b789df43e6f1c88b625e, evidence-c11528bb42afadadb318, evidence-c48d330d91a1c571cee6, evidence-c79ceda34fd4137276cd, evidence-dd282ac22cd0e59062f2, evidence-e67eed220d2c48ee199b, evidence-efb3f9adec4a1c735fee, evidence-f6e2fffbc042fd84d3c5, evidence-fb197b693252737d9eee, evidence-fffdbd2d9a627d7fd662; current classified status is Unknown.",Publish and freeze the normative semantics for Arrays with a versioned compatibility contract before depending on it for system-level work.
gap-56217900d22d6a01b9f6,Unsafe-usage audit gap,Verification_Gap,[],"[""capability-security-unsafe-audit""]",Unknown,T1_Independent_Language_Platform,Medium,"[""gate-024e105461e96cffee40""]","[""An unsafe-usage audit that enumerates and reviews unsafe boundaries with direct current implementation evidence."",""Disclosed limitations must remain recorded: No systematic unsafe-usage audit is demonstrated for the toolchain.""]",Language & Safety,1,3,0,1,Unsafe-usage audit: no direct current implementation evidence for this hosted tooling capability (authoritative source spec/safety_contract.md).,Provide direct current implementation evidence for Unsafe-usage audit in the hosted toolchain/service scope.
gap-57d415d9e6b46c5c1b7f,OS-substrate subsystem: Storage devices,Implementation_Gap,[],"[""capability-driver-storage-devices""]",Unknown,T3_Boot_And_Kernel_Foundation,High,[],"[""Direct implementation evidence of a storage/block device driver.""]",Drivers & Hardware,2,1,1,1,Storage devices has no direct implementation evidence (no matching evidence); per Requirement 10.6 its Maturity_Score is 0 (absent). No storage device driver exists.,Register a positive implementation gate for Storage devices and produce direct implementation evidence before claiming any maturity; boot or prerequisite gates do not lift this subsystem.
gap-598f6677c9ffb870a90a,Sanitizer lanes gap,Verification_Gap,[],"[""capability-release-sanitizer-lanes""]",Unknown,T1_Independent_Language_Platform,Medium,[],"[""Executed sanitizer lanes with direct execution evidence.""]",Release Engineering,1,0,0,1,Sanitizer lanes: no direct current implementation evidence (strongest observed status Unknown); authoritative source .github/workflows/contract-tests.yml.,Provide direct implementation/execution evidence for Sanitizer lanes; scoped compiler/tooling or Linux backend SDK release evidence cannot raise OS-substrate maturity.
gap-59bbdd1b7f1d366de40f,Debug information gap,Implementation_Gap,[],"[""capability-pipeline-debug-info""]",Unknown,T1_Independent_Language_Platform,Medium,[],"[""Debug-information generation implementation evidence.""]",Compiler & ABI,2,0,1,2,"No normative, in-scope, independent implementation was found for Debug information; strongest observed evidence status is Unknown (authoritative source spec/compiler_pipeline.md).","Define and implement Debug information within its own scope; hosted C ABI, generated C++, clang-backed, or primitive relocatable-object evidence cannot satisfy it."
gap-5af5013dc75ad6158af8,Runtime/library/package gap: Local registry,Ecosystem_Gap,[],"[""capability-package-local-registry""]",Unknown,T1_Independent_Language_Platform,Medium,[],"[""Implemented local registry support with direct implementation evidence."",""Local registry has no accepted implementation evidence.""]",Package & Ecosystem,1,0,1,1,Local registry has no accepted current implementation satisfying Requirement 8.5; strongest observed status is Unknown (no matching evidence found).,Implement and verify Local registry before depending on it for freestanding or ecosystem work.
gap-5b7ab17d08b5f4a8221c,Runtime/library/package gap: Future system library layer,Implementation_Gap,[],"[""capability-library-layer-future-system""]",Planned,T2_Freestanding_Substrate,High,[],"[""A freestanding system library with resolver and implementation support and direct implementation evidence."",""The future system layer is planned; system:: imports without resolver and implementation support are Planned.""]",Freestanding Runtime,2,0,1,2,"Future system library layer has no accepted current implementation satisfying Requirement 8.3, 8.4; strongest observed status is Unknown (matched evidence: evidence-7e78644c86c49d2e6efc, evidence-a014616f02ad43c66703).",Implement and verify Future system library layer before depending on it for freestanding or ecosystem work.
gap-5b962b37385e009086c6,Attestations gap,Verification_Gap,[],"[""capability-release-attestations""]",Unknown,T1_Independent_Language_Platform,High,[],"[""Signed release attestations with direct evidence.""]",Release Engineering,1,1,1,1,Attestations: no direct current implementation evidence (strongest observed status Unknown); authoritative source .github/workflows/release.yml.,Provide direct implementation/execution evidence for Attestations; scoped compiler/tooling or Linux backend SDK release evidence cannot raise OS-substrate maturity.
gap-5c797240518ddb34640e,Kernel observability gap,Implementation_Gap,[],"[""capability-observability-kernel""]",Unknown,T3_Boot_And_Kernel_Foundation,Medium,"[""gate-773cbe5008ea0adfbf60""]","[""Disclosed limitations must remain recorded: No Nebula kernel exists, so no kernel observability exists."",""Kernel observability (logging, tracing, metrics) owned by a Nebula kernel with direct implementation evidence.""]",Boot & Kernel,2,1,0,2,Kernel observability: no OS-substrate implementation evidence exists (authoritative source docs/universeos/kernel_boundary.md).,Implement Kernel observability in a Nebula-owned OS substrate; compiler or hosted-service operations evidence cannot raise this capability's maturity.
gap-5cb3dec71d549fa51c38,OS-substrate subsystem: Input devices,Implementation_Gap,[],"[""capability-driver-input""]",Unknown,T3_Boot_And_Kernel_Foundation,High,[],"[""Direct implementation evidence of an input device driver.""]",Drivers & Hardware,1,1,1,1,"Input devices has no direct implementation evidence (matched evidence evidence-20f46d91551ae4d2eb9e, evidence-f4d8f2a54e40c070cd3e, evidence-fb1b5d6981051ec01488); per Requirement 10.6 its Maturity_Score is 0 (absent). No input device driver exists.",Register a positive implementation gate for Input devices and produce direct implementation evidence before claiming any maturity; boot or prerequisite gates do not lift this subsystem.
gap-5d2dfdc7fda1518c10a4,Inter-process communication gap,Implementation_Gap,[],"[""capability-userspace-ipc""]",Unknown,T4_Isolated_Userspace_Platform,High,"[""gate-31536f160af23ad4d269""]","[""An implemented IPC mechanism mediated by the Nebula-owned process and capability boundary."",""Disclosed limitations must remain recorded: Host-owned / thin-host adjacency belongs to T0 and cannot raise this T4 capability's maturity above 0.; No Nebula-owned inter-process communication mechanism exists.""]",Userspace & Isolation,3,3,0,3,"Inter-process communication: only host-owned / thin-host adjacency exists (T0), so this T4 capability stays Maturity_Score 0 (authoritative source docs/universeos/kernel_boundary.md).",Implement Inter-process communication above a Nebula-owned process/syscall boundary; host-owned adjacency cannot raise this T4 capability's maturity.
gap-5ea5bc2ff7470fa55b23,Service manager and supervision gap,Implementation_Gap,[],"[""capability-userspace-service-manager""]",Unknown,T4_Isolated_Userspace_Platform,Medium,"[""gate-42b6c22c8d119e7057bc""]","[""A Nebula-owned service manager that supervises isolated OS services, not a hosted service-manager example."",""Disclosed limitations must remain recorded: Host-owned / thin-host adjacency belongs to T0 and cannot raise this T4 capability's maturity above 0.; Hosted service-manager examples are userspace control-plane examples, not an OS process supervisor or service isolation manager.""]",System Services,2,1,0,2,"Service manager and supervision: only host-owned / thin-host adjacency exists (T0), so this T4 capability stays Maturity_Score 0 (authoritative source docs/universeos/kernel_boundary.md).",Implement Service manager and supervision above a Nebula-owned process/syscall boundary; host-owned adjacency cannot raise this T4 capability's maturity.
gap-5fddfb2cdbbb5e689d23,Driver ABI gap,Implementation_Gap,[],"[""capability-driver-abi""]",Unknown,T3_Boot_And_Kernel_Foundation,High,[],"[""A driver ABI defined and implemented for a driver model.""]",Drivers & Hardware,3,0,1,3,"No normative, in-scope, independent implementation was found for Driver ABI; strongest observed evidence status is Unknown (authoritative source docs/universeos/kernel_boundary.md).","Define and implement Driver ABI within its own scope; hosted C ABI, generated C++, clang-backed, or primitive relocatable-object evidence cannot satisfy it."
gap-60e6a08d429833d54463,Normative language contract: Variance,Language_Gap,[],"[""domain-fbe7266f95fc90d9eac1""]",Unknown,T1_Independent_Language_Platform,Medium,[],"[""A normative specification for Variance with cross-revision compatibility guarantees and matching parser/typechecker evidence.""]",Language & type system,1,0,2,1,"Variance is documented in spec/generics_policy.md, spec/type_system.md with no direct implementation evidence; current classified status is Unknown.",Publish and freeze the normative semantics for Variance with a versioned compatibility contract before depending on it for system-level work.
gap-61423bd579be52b74430,OS-substrate subsystem: Virtual memory management,Implementation_Gap,[],"[""capability-hw-virtual-memory""]",Unknown,T3_Boot_And_Kernel_Foundation,Critical,[],"[""Direct implementation evidence of a virtual memory manager governing address-space mappings.""]",Kernel & Hardware,3,2,1,2,Virtual memory management has no direct implementation evidence (no matching evidence); per Requirement 10.6 its Maturity_Score is 0 (absent). No virtual memory manager implementation exists.,Register a positive implementation gate for Virtual memory management and produce direct implementation evidence before claiming any maturity; boot or prerequisite gates do not lift this subsystem.
gap-6178c46bbd3e459a1519,Syscall ABI gap,Implementation_Gap,[],"[""capability-syscall-abi""]",Unsupported,T3_Boot_And_Kernel_Foundation,High,[],"[""A syscall ABI defined and implemented with a capability boundary.""]",Kernel,3,0,1,3,"No normative, in-scope, independent implementation was found for Syscall ABI; strongest observed evidence status is Unsupported (authoritative source docs/universeos/kernel_boundary.md).","Define and implement Syscall ABI within its own scope; hosted C ABI, generated C++, clang-backed, or primitive relocatable-object evidence cannot satisfy it."
gap-61f475590d08431d7f8e,User runtime and command environment gap,Implementation_Gap,[],"[""capability-userspace-user-runtime-command""]",Unknown,T4_Isolated_Userspace_Platform,Medium,"[""gate-42b6c22c8d119e7057bc""]","[""A Nebula-owned user runtime and command environment running above the process/syscall boundary with direct implementation evidence."",""Disclosed limitations must remain recorded: Host-owned / thin-host adjacency belongs to T0 and cannot raise this T4 capability's maturity above 0.; No Nebula-owned user runtime or command environment exists; current CLI tools run on the host OS.""]",Userspace Runtime,2,1,0,2,"User runtime and command environment: only host-owned / thin-host adjacency exists (T0), so this T4 capability stays Maturity_Score 0 (authoritative source docs/universeos/architecture.md).",Implement User runtime and command environment above a Nebula-owned process/syscall boundary; host-owned adjacency cannot raise this T4 capability's maturity.
gap-627e5336128c9890466e,Semantic stability: Enums,Verification_Gap,[],"[""domain-fbe7266f95fc90d9eac1""]",Unknown,T1_Independent_Language_Platform,Medium,[],"[""A published compatibility/stability policy governing Enums with cross-revision guarantees and a negative-change process.""]",Language & type system,1,0,2,1,"Enums has parser/typechecker implementation evidence (evidence-144d8c1ed5cd5ce830bf, evidence-2274d0884e4bb05a4b7b, evidence-2eeda1ed4d6bcbe8ba41, evidence-36510b73f83da25ec5e4, evidence-5e9356cb17ef95d4be12, evidence-61fa5e8ce3f4f1c2215d, evidence-671e810b7e2ffe60fbb3, evidence-8134bb444b9ff6c2a6c3, evidence-9590cac46c0ee80276c5, evidence-9f5649d58b6b0a875add, evidence-a161e7e02d04f1b94fe6, evidence-a9922399f899da3770cf, evidence-ab1211a8f56a35c0eb97, evidence-b789df43e6f1c88b625e, evidence-c11528bb42afadadb318, evidence-c48d330d91a1c571cee6, evidence-c79ceda34fd4137276cd, evidence-dd282ac22cd0e59062f2, evidence-e67eed220d2c48ee199b, evidence-efb3f9adec4a1c735fee, evidence-f6e2fffbc042fd84d3c5, evidence-fb197b693252737d9eee, evidence-fffdbd2d9a627d7fd662) but no compatibility policy, so its semantics are not yet stable across revisions.",Define a compatibility policy for Enums so implemented behavior cannot silently change between revisions.
gap-64895061a02213911099,Runtime/library/package gap: Freestanding panic behavior,Implementation_Gap,[],"[""capability-runtime-panic""]",Unsupported,T2_Freestanding_Substrate,High,[],"[""A freestanding panic policy and handler with implementation evidence."",""Freestanding panic behavior is unspecified and unimplemented.""]",Freestanding Runtime,2,0,1,2,"Freestanding panic behavior has no accepted current implementation satisfying Requirement 8.1; strongest observed status is Unsupported (matched evidence: evidence-3a36a899e5cd1a19fb7a, evidence-728fa66f193ca3e4e506, evidence-c1d94b67438d35444278, evidence-d1fe291e3ce419d879cc).",Implement and verify Freestanding panic behavior before depending on it for freestanding or ecosystem work.
gap-64ba057a1adab27a8853,Normative language contract: Reflection,Language_Gap,[],"[""domain-fbe7266f95fc90d9eac1""]",Unknown,T1_Independent_Language_Platform,Medium,[],"[""A normative specification for Reflection with cross-revision compatibility guarantees and matching parser/typechecker evidence.""]",Language & type system,1,0,2,0,Reflection is documented in spec/language_reference.md with no direct implementation evidence; current classified status is Unknown.,Publish and freeze the normative semantics for Reflection with a versioned compatibility contract before depending on it for system-level work.
gap-652a6672b7978a497eb9,Rollback gap,Ecosystem_Gap,[],"[""capability-release-rollback""]",Unknown,T1_Independent_Language_Platform,Medium,[],"[""A proven release rollback mechanism with direct implementation evidence.""]",Release Engineering,1,0,0,1,Rollback: no direct current implementation evidence (strongest observed status Unknown); authoritative source .github/workflows/release.yml.,Provide direct implementation/execution evidence for Rollback; scoped compiler/tooling or Linux backend SDK release evidence cannot raise OS-substrate maturity.
gap-656b5f58f3f0c6c34156,OS-substrate subsystem: DMA,Implementation_Gap,[],"[""capability-hw-dma""]",Planned,T3_Boot_And_Kernel_Foundation,Critical,[],"[""Direct implementation evidence of DMA programming and DMA-safe memory policy.""]",Kernel & Hardware,2,2,1,1,"DMA has no direct implementation evidence (matched evidence evidence-093c021be3d1da8a20ce, evidence-0ad9030954ae4e5f5fe7, evidence-28ec3aeee61eaa1e7394, evidence-2a040c067a02aa1c52ae, evidence-50a5c04314362f0b5fd3, evidence-5251cb80cdaaed21e617, evidence-5e45125da4ea9dafdcb8, evidence-771051422b423d45b5ff, evidence-78cca9dad0d68a961602, evidence-849e86b3a72d368e7f56, evidence-87c40b221b9a5431111c, evidence-92e2c111b6a52ce487d6, evidence-b13fb2e81120f5140296, evidence-e6223298ba076ee47d7d); per Requirement 10.6 its Maturity_Score is 0 (absent). No DMA implementation exists.",Register a positive implementation gate for DMA and produce direct implementation evidence before claiming any maturity; boot or prerequisite gates do not lift this subsystem.
gap-664ae5d377ec22bca24f,Semantic stability: Callable types,Verification_Gap,[],"[""domain-fbe7266f95fc90d9eac1""]",Unknown,T1_Independent_Language_Platform,Medium,[],"[""A published compatibility/stability policy governing Callable types with cross-revision guarantees and a negative-change process.""]",Language & type system,1,0,2,1,"Callable types has parser/typechecker implementation evidence (evidence-144d8c1ed5cd5ce830bf, evidence-19429a0e9339edd0ae79, evidence-1da33b48535aee270420, evidence-2274d0884e4bb05a4b7b, evidence-268264b031bca69dacf8, evidence-2eeda1ed4d6bcbe8ba41, evidence-36510b73f83da25ec5e4, evidence-588637a269b6497fbb2c, evidence-5e9356cb17ef95d4be12, evidence-64bece4cc18508fe729c, evidence-671e810b7e2ffe60fbb3, evidence-75e1ab5848df15d611f9, evidence-ab1211a8f56a35c0eb97, evidence-ae007f2fb227b343aae0, evidence-aeda7ee5443349dc5a62, evidence-b789df43e6f1c88b625e, evidence-b953368c149d6d373032, evidence-c48d330d91a1c571cee6, evidence-c79ceda34fd4137276cd, evidence-cbeee7c906e568ad120b, evidence-ccbe839da67a36757cd4, evidence-dd282ac22cd0e59062f2, evidence-e67eed220d2c48ee199b, evidence-ec91ba371bb7b1739de5, evidence-efb3f9adec4a1c735fee, evidence-f1ba1a49ff3e526f119e, evidence-fb197b693252737d9eee, evidence-fb3b99361260bfe222c0, evidence-fffdbd2d9a627d7fd662) but no compatibility policy, so its semantics are not yet stable across revisions.",Define a compatibility policy for Callable types so implemented behavior cannot silently change between revisions.
gap-679f711a70a2ed6e324b,Runtime/library/package gap: Vulnerability response,Ecosystem_Gap,[],"[""capability-package-vulnerability-response""]",Unknown,T1_Independent_Language_Platform,Medium,[],"[""Implemented vulnerability response support with direct implementation evidence."",""Vulnerability response has no accepted implementation evidence.""]",Package & Ecosystem,1,0,1,1,Vulnerability response has no accepted current implementation satisfying Requirement 8.5; strongest observed status is Unknown (no matching evidence found).,Implement and verify Vulnerability response before depending on it for freestanding or ecosystem work.
gap-67fcfaf763e3e0237a3b,Transactionality gap,Implementation_Gap,[],"[""capability-reliability-transactionality""]",Unknown,T4_Isolated_Userspace_Platform,Medium,"[""gate-7e6ff8c1b7bf228d2952""]","[""Disclosed limitations must remain recorded: No Nebula-owned transactional state mechanism exists."",""Transactional state updates for OS storage/state with direct implementation evidence.""]",System Services,2,2,0,2,Transactionality: no OS-substrate implementation evidence exists (authoritative source docs/universeos/architecture.md).,Implement Transactionality in a Nebula-owned OS substrate; compiler or hosted-service operations evidence cannot raise this capability's maturity.
gap-68b74aec1474c228976e,Normative language contract: Macros,Language_Gap,[],"[""domain-fbe7266f95fc90d9eac1""]",Unknown,T1_Independent_Language_Platform,Medium,[],"[""A normative specification for Macros with cross-revision compatibility guarantees and matching parser/typechecker evidence.""]",Language & type system,1,0,2,0,Macros is documented in spec/language_reference.md with no direct implementation evidence; current classified status is Unknown.,Publish and freeze the normative semantics for Macros with a versioned compatibility contract before depending on it for system-level work.
gap-68de97f68405e9e92b74,OS-substrate subsystem: Interrupts,Implementation_Gap,[],"[""capability-hw-interrupts""]",Unsupported,T3_Boot_And_Kernel_Foundation,Critical,[],"[""Direct implementation evidence of interrupt-controller programming and an interrupt entry/dispatch path.""]",Kernel & Hardware,3,2,2,2,"Interrupts has no direct implementation evidence (matched evidence evidence-0c8a8aaf00020a404353, evidence-26fb76735e839b771398, evidence-65476099b0da705ba523, evidence-92f50b282fbfc1fdf335, evidence-bf20302c1c749e06f1e2, evidence-c1d94b67438d35444278, evidence-d2b95a83993040395a12, evidence-d317e017757b53bead27, evidence-dea2d9c4aba8fa271e70, evidence-e3a610b897321bed7d51, evidence-f7d0f0c0bb7190d5bc07); per Requirement 10.6 its Maturity_Score is 0 (absent). No interrupt model or interrupt-controller implementation exists.",Register a positive implementation gate for Interrupts and produce direct implementation evidence before claiming any maturity; boot or prerequisite gates do not lift this subsystem.
gap-69e51899801b7ea90425,Runtime/library/package gap: Hosted registry helpers,Ecosystem_Gap,[],"[""capability-package-hosted-registry""]",Unknown,T1_Independent_Language_Platform,Medium,[],"[""Hosted registry helpers has no accepted implementation evidence."",""Implemented hosted registry helpers support with direct implementation evidence.""]",Package & Ecosystem,1,0,1,1,Hosted registry helpers has no accepted current implementation satisfying Requirement 8.5; strongest observed status is Unknown (no matching evidence found).,Implement and verify Hosted registry helpers before depending on it for freestanding or ecosystem work.
gap-6a9ca7b7c44943db08c6,Runtime/library/package gap: Freestanding termination,Implementation_Gap,[],"[""capability-runtime-termination""]",Unknown,T2_Freestanding_Substrate,High,[],"[""A freestanding termination path with implementation evidence."",""Freestanding termination is unspecified and unimplemented.""]",Freestanding Runtime,2,0,1,2,"Freestanding termination has no accepted current implementation satisfying Requirement 8.1; strongest observed status is Unknown (matched evidence: evidence-28975e513646574d7e7f, evidence-dbc77918c00b8b685dcc).",Implement and verify Freestanding termination before depending on it for freestanding or ecosystem work.
gap-6bda0d94096e1a599622,OS-substrate subsystem: Hardware qualification,Implementation_Gap,[],"[""capability-driver-hardware-qualification""]",Unknown,T3_Boot_And_Kernel_Foundation,High,[],"[""Direct implementation and process evidence qualifying supported hardware for the driver framework.""]",Drivers & Hardware,1,1,1,1,Hardware qualification has no direct implementation evidence (no matching evidence); per Requirement 10.6 its Maturity_Score is 0 (absent). No hardware qualification process or evidence exists.,Register a positive implementation gate for Hardware qualification and produce direct implementation evidence before claiming any maturity; boot or prerequisite gates do not lift this subsystem.
gap-6be90f6253c8bf211725,OS-substrate subsystem: IPC,Implementation_Gap,[],"[""capability-kernel-ipc""]",Unknown,T3_Boot_And_Kernel_Foundation,High,[],"[""Direct implementation evidence of a kernel IPC mechanism between isolated contexts.""]",Kernel,2,1,1,1,IPC has no direct implementation evidence (no matching evidence); per Requirement 10.6 its Maturity_Score is 0 (absent). No kernel IPC implementation exists.,Register a positive implementation gate for IPC and produce direct implementation evidence before claiming any maturity; boot or prerequisite gates do not lift this subsystem.
gap-6cf1c220937cb21006cc,Secure update and rollback protection gap,Implementation_Gap,[],"[""capability-security-update-rollback""]",Unknown,T5_Operable_Universe_OS,High,"[""gate-024e105461e96cffee40""]","[""A Nebula-owned secure update mechanism with rollback protection and direct implementation evidence."",""Disclosed limitations must remain recorded: No Nebula-owned OS secure-update or rollback-protection mechanism exists.""]",Security Operations,3,3,0,3,Secure update and rollback protection: no OS-substrate implementation evidence exists (authoritative source docs/universeos/architecture.md).,Implement Secure update and rollback protection in a Nebula-owned OS substrate; compiler or hosted-service operations evidence cannot raise this capability's maturity.
gap-709cdd4152e94efc6856,Relocation support gap,Implementation_Gap,"[""Verification_Gap""]","[""domain-709cdd4152e94efc6856""]",Unsupported,T2_Freestanding_Substrate,High,[],"[""Implemented relocation processing that resolves relocation entries during linking for a freestanding image.""]",Boot Toolchain,2,1,1,2,"Relocation support has no direct implementation evidence; strongest observed status is Unsupported. It remains a separate, unmerged pre-kernel Hard-Gate candidate.",Implement Relocation support as an independent gate with direct evidence; it must not be satisfied by upstream or primitive relocatable-object proofs.
gap-72208157b2ab3824703d,"Volatile, MMIO, intrinsic, and inline-assembly primitives gap",Implementation_Gap,[],"[""capability-hardware-lowlevel-primitives""]",Unknown,T2_Freestanding_Substrate,Medium,[],"[""Implemented volatile access, MMIO, intrinsics, inline assembly, and privilege-transition primitives suitable for hardware-safe code.""]",Freestanding Runtime,3,3,0,3,"No normative, implemented contract was found for this capability; strongest observed evidence status is Unknown (authoritative source spec/abi_layout.md).",Define the normative semantics and provide direct implementation evidence before relying on this capability for system-level code.
gap-72a1ffe59010a13a224a,Semantic stability: Primitive widths,Verification_Gap,[],"[""domain-fbe7266f95fc90d9eac1""]",Unknown,T1_Independent_Language_Platform,High,[],"[""A published compatibility/stability policy governing Primitive widths with cross-revision guarantees and a negative-change process.""]",Language & type system,2,1,1,1,"Primitive widths has parser/typechecker implementation evidence (evidence-144d8c1ed5cd5ce830bf, evidence-2274d0884e4bb05a4b7b, evidence-2eeda1ed4d6bcbe8ba41, evidence-36510b73f83da25ec5e4, evidence-5e9356cb17ef95d4be12, evidence-61fa5e8ce3f4f1c2215d, evidence-671e810b7e2ffe60fbb3, evidence-8134bb444b9ff6c2a6c3, evidence-9590cac46c0ee80276c5, evidence-9f5649d58b6b0a875add, evidence-a161e7e02d04f1b94fe6, evidence-a9922399f899da3770cf, evidence-ab1211a8f56a35c0eb97, evidence-b789df43e6f1c88b625e, evidence-c11528bb42afadadb318, evidence-c48d330d91a1c571cee6, evidence-c79ceda34fd4137276cd, evidence-dd282ac22cd0e59062f2, evidence-e67eed220d2c48ee199b, evidence-efb3f9adec4a1c735fee, evidence-f6e2fffbc042fd84d3c5, evidence-fb197b693252737d9eee, evidence-fffdbd2d9a627d7fd662) but no compatibility policy, so its semantics are not yet stable across revisions.",Define a compatibility policy for Primitive widths so implemented behavior cannot silently change between revisions.
gap-7445f244e3e2ff3a4d65,Incident response gap,Ecosystem_Gap,[],"[""capability-security-incident-response""]",Unknown,T5_Operable_Universe_OS,High,"[""gate-024e105461e96cffee40""]","[""An operable incident-response capability for the OS platform with direct implementation/process evidence."",""Disclosed limitations must remain recorded: No OS-platform incident-response capability is demonstrated for a Nebula-owned substrate.""]",Security Operations,3,3,0,3,Incident response: no OS-substrate implementation evidence exists (authoritative source docs/universeos/architecture.md).,Implement Incident response in a Nebula-owned OS substrate; compiler or hosted-service operations evidence cannot raise this capability's maturity.
gap-77a89e738c9cac3c0548,Linker script / linker inputs gap,Implementation_Gap,"[""Verification_Gap""]","[""domain-77a89e738c9cac3c0548""]",Unsupported,T2_Freestanding_Substrate,High,[],"[""Implemented linker scripts and linker inputs that place sections and symbols deterministically for a freestanding image.""]",Boot Toolchain,2,1,1,2,"Linker script / linker inputs has no direct implementation evidence; strongest observed status is Unsupported. It remains a separate, unmerged pre-kernel Hard-Gate candidate.",Implement Linker script / linker inputs as an independent gate with direct evidence; it must not be satisfied by upstream or primitive relocatable-object proofs.
gap-785387b5e61c95d42fba,Normative language contract: Destruction,Language_Gap,[],"[""domain-fbe7266f95fc90d9eac1""]",Unknown,T1_Independent_Language_Platform,High,[],"[""A normative specification for Destruction with cross-revision compatibility guarantees and matching parser/typechecker evidence.""]",Language & type system,2,1,1,1,"Destruction is documented in spec/ownership_model.md, spec/region_semantics.md with direct implementation evidence evidence-19429a0e9339edd0ae79, evidence-1da33b48535aee270420, evidence-268264b031bca69dacf8, evidence-588637a269b6497fbb2c, evidence-64bece4cc18508fe729c, evidence-75e1ab5848df15d611f9, evidence-ae007f2fb227b343aae0, evidence-aeda7ee5443349dc5a62, evidence-b953368c149d6d373032, evidence-cbeee7c906e568ad120b, evidence-ccbe839da67a36757cd4, evidence-ec91ba371bb7b1739de5, evidence-f1ba1a49ff3e526f119e, evidence-fb3b99361260bfe222c0; current classified status is Unknown.",Publish and freeze the normative semantics for Destruction with a versioned compatibility contract before depending on it for system-level work.
gap-787536d117c42c806481,Incremental compilation gap,Implementation_Gap,[],"[""capability-pipeline-incremental""]",Unknown,T1_Independent_Language_Platform,Medium,[],"[""Incremental compilation implementation evidence.""]",Compiler & ABI,2,0,1,2,"No normative, in-scope, independent implementation was found for Incremental compilation; strongest observed evidence status is Unknown (authoritative source spec/compiler_pipeline.md).","Define and implement Incremental compilation within its own scope; hosted C ABI, generated C++, clang-backed, or primitive relocatable-object evidence cannot satisfy it."
gap-7a7a14c2587b4e087649,Boot observability gap,Implementation_Gap,[],"[""capability-observability-boot""]",Unknown,T3_Boot_And_Kernel_Foundation,Medium,"[""gate-773cbe5008ea0adfbf60""]","[""Boot-stage observability owned by the Nebula boot chain with direct implementation evidence."",""Disclosed limitations must remain recorded: No Nebula-owned boot observability exists.""]",Boot & Kernel,2,1,0,2,Boot observability: no OS-substrate implementation evidence exists (authoritative source docs/universeos/kernel_boundary.md).,Implement Boot observability in a Nebula-owned OS substrate; compiler or hosted-service operations evidence cannot raise this capability's maturity.
gap-7b16360696f9456e3a9b,Normative language contract: Collections,Language_Gap,[],"[""domain-fbe7266f95fc90d9eac1""]",Unknown,T1_Independent_Language_Platform,Medium,[],"[""A normative specification for Collections with cross-revision compatibility guarantees and matching parser/typechecker evidence.""]",Language & type system,1,0,1,1,Collections is documented in spec/type_system.md with no direct implementation evidence; current classified status is Unknown.,Publish and freeze the normative semantics for Collections with a versioned compatibility contract before depending on it for system-level work.
gap-7b5e6d141ef3320be2c4,Runtime/library/package gap: Freestanding allocation hooks,Implementation_Gap,[],"[""capability-runtime-allocation-hooks""]",Unknown,T2_Freestanding_Substrate,High,[],"[""Freestanding allocation hooks and an allocator-failure policy with implementation evidence."",""Freestanding allocation hooks are unspecified and unimplemented.""]",Freestanding Runtime,2,0,1,2,Freestanding allocation hooks has no accepted current implementation satisfying Requirement 8.1; strongest observed status is Unknown (no matching evidence found).,Implement and verify Freestanding allocation hooks before depending on it for freestanding or ecosystem work.
gap-7c1ce3e9c88c11b463cb,Recovery behavior gap,Implementation_Gap,[],"[""capability-reliability-recovery""]",Unknown,T5_Operable_Universe_OS,Medium,"[""gate-7e6ff8c1b7bf228d2952""]","[""Disclosed limitations must remain recorded: No Nebula-owned OS recovery behavior exists."",""Operable recovery behavior for the OS platform with direct implementation evidence.""]",Operations,2,2,0,2,Recovery behavior: no OS-substrate implementation evidence exists (authoritative source docs/universeos/architecture.md).,Implement Recovery behavior in a Nebula-owned OS substrate; compiler or hosted-service operations evidence cannot raise this capability's maturity.
gap-7d521b06d3a15576aa88,Normative language contract: Initialization,Language_Gap,[],"[""domain-fbe7266f95fc90d9eac1""]",Unknown,T1_Independent_Language_Platform,High,[],"[""A normative specification for Initialization with cross-revision compatibility guarantees and matching parser/typechecker evidence.""]",Language & type system,2,1,1,1,"Initialization is documented in spec/ownership_model.md, spec/region_semantics.md with direct implementation evidence evidence-19429a0e9339edd0ae79, evidence-1da33b48535aee270420, evidence-268264b031bca69dacf8, evidence-588637a269b6497fbb2c, evidence-64bece4cc18508fe729c, evidence-75e1ab5848df15d611f9, evidence-ae007f2fb227b343aae0, evidence-aeda7ee5443349dc5a62, evidence-b953368c149d6d373032, evidence-cbeee7c906e568ad120b, evidence-ccbe839da67a36757cd4, evidence-ec91ba371bb7b1739de5, evidence-f1ba1a49ff3e526f119e, evidence-fb3b99361260bfe222c0; current classified status is Unknown.",Publish and freeze the normative semantics for Initialization with a versioned compatibility contract before depending on it for system-level work.
gap-7e50739f62b7b2cbc51c,OS-substrate subsystem: Address-space isolation,Implementation_Gap,[],"[""capability-kernel-address-space-isolation""]",Unsupported,T3_Boot_And_Kernel_Foundation,Critical,[],"[""Direct implementation evidence of enforced address-space isolation between kernel and user contexts.""]",Kernel,3,2,2,2,"Address-space isolation has no direct implementation evidence (matched evidence evidence-0c8a8aaf00020a404353, evidence-26fb76735e839b771398, evidence-92f50b282fbfc1fdf335, evidence-d317e017757b53bead27, evidence-dea2d9c4aba8fa271e70, evidence-e3a610b897321bed7d51); per Requirement 10.6 its Maturity_Score is 0 (absent). No address-space isolation implementation exists.",Register a positive implementation gate for Address-space isolation and produce direct implementation evidence before claiming any maturity; boot or prerequisite gates do not lift this subsystem.
gap-7f2c1e65a4df7d0e5f63,Runtime/library/package gap: Native dependencies,Implementation_Gap,[],"[""capability-package-native-dependency""]",Unknown,T1_Independent_Language_Platform,Medium,[],"[""Implemented native dependencies support with direct implementation evidence."",""Native dependencies has no accepted implementation evidence.""]",Package & Ecosystem,1,0,1,1,Native dependencies has no accepted current implementation satisfying Requirement 8.5; strongest observed status is Unknown (no matching evidence found).,Implement and verify Native dependencies before depending on it for freestanding or ecosystem work.
gap-7f99be63c99f7760148e,Normative language contract: Callable types,Language_Gap,[],"[""domain-fbe7266f95fc90d9eac1""]",Unknown,T1_Independent_Language_Platform,Medium,[],"[""A normative specification for Callable types with cross-revision compatibility guarantees and matching parser/typechecker evidence.""]",Language & type system,1,0,1,1,"Callable types is documented in spec/type_system.md with direct implementation evidence evidence-144d8c1ed5cd5ce830bf, evidence-19429a0e9339edd0ae79, evidence-1da33b48535aee270420, evidence-2274d0884e4bb05a4b7b, evidence-268264b031bca69dacf8, evidence-2eeda1ed4d6bcbe8ba41, evidence-36510b73f83da25ec5e4, evidence-588637a269b6497fbb2c, evidence-5e9356cb17ef95d4be12, evidence-64bece4cc18508fe729c, evidence-671e810b7e2ffe60fbb3, evidence-75e1ab5848df15d611f9, evidence-ab1211a8f56a35c0eb97, evidence-ae007f2fb227b343aae0, evidence-aeda7ee5443349dc5a62, evidence-b789df43e6f1c88b625e, evidence-b953368c149d6d373032, evidence-c48d330d91a1c571cee6, evidence-c79ceda34fd4137276cd, evidence-cbeee7c906e568ad120b, evidence-ccbe839da67a36757cd4, evidence-dd282ac22cd0e59062f2, evidence-e67eed220d2c48ee199b, evidence-ec91ba371bb7b1739de5, evidence-efb3f9adec4a1c735fee, evidence-f1ba1a49ff3e526f119e, evidence-fb197b693252737d9eee, evidence-fb3b99361260bfe222c0, evidence-fffdbd2d9a627d7fd662; current classified status is Unknown.",Publish and freeze the normative semantics for Callable types with a versioned compatibility contract before depending on it for system-level work.
gap-8120376d2b033b030606,Startup object gap,Implementation_Gap,"[""Verification_Gap""]","[""domain-8120376d2b033b030606""]",Unsupported,T2_Freestanding_Substrate,High,[],"[""An implemented startup object (crt-equivalent) that prepares the environment and transfers control to the freestanding entry point.""]",Boot Toolchain,2,1,1,2,"Startup object has no direct implementation evidence; strongest observed status is Unsupported. It remains a separate, unmerged pre-kernel Hard-Gate candidate.",Implement Startup object as an independent gate with direct evidence; it must not be satisfied by upstream or primitive relocatable-object proofs.
gap-8247a9ffe6ebccdcbab1,Release smoke gap,Verification_Gap,[],"[""capability-release-release-smoke""]",Unknown,T1_Independent_Language_Platform,Medium,[],"[""Executed release smoke verification with direct execution evidence.""]",Release Engineering,1,0,0,1,Release smoke: no direct current implementation evidence (strongest observed status Unknown); authoritative source .github/workflows/release.yml.,Provide direct implementation/execution evidence for Release smoke; scoped compiler/tooling or Linux backend SDK release evidence cannot raise OS-substrate maturity.
gap-854677d728fd645cd0cf,Analyses gap,Implementation_Gap,[],"[""capability-pipeline-analyses""]",Unknown,T1_Independent_Language_Platform,Medium,[],"[""Analysis-pass implementation evidence.""]",Compiler & ABI,2,0,1,2,"No normative, in-scope, independent implementation was found for Analyses; strongest observed evidence status is Unknown (authoritative source spec/compiler_pipeline.md).","Define and implement Analyses within its own scope; hosted C ABI, generated C++, clang-backed, or primitive relocatable-object evidence cannot satisfy it."
gap-86af38717331f9b9fd76,Secure / verified boot gap,Implementation_Gap,[],"[""capability-security-secure-boot""]",Unknown,T3_Boot_And_Kernel_Foundation,High,"[""gate-024e105461e96cffee40""]","[""A secure/verified boot chain owned by Nebula with direct implementation evidence."",""Disclosed limitations must remain recorded: No linked, bootable image exists, so no secure/verified boot exists.""]",Boot & Kernel,3,3,0,3,Secure / verified boot: no OS-substrate implementation evidence exists (authoritative source docs/universeos/qemu_boot_hello.md).,Implement Secure / verified boot in a Nebula-owned OS substrate; compiler or hosted-service operations evidence cannot raise this capability's maturity.
gap-8890ff4453bb56ac6946,SBOM gap,Verification_Gap,[],"[""capability-release-sbom""]",Unknown,T1_Independent_Language_Platform,High,[],"[""Generated and published SBOM artifacts with direct evidence.""]",Release Engineering,1,1,1,1,SBOM: no direct current implementation evidence (strongest observed status Unknown); authoritative source .github/workflows/release.yml.,Provide direct implementation/execution evidence for SBOM; scoped compiler/tooling or Linux backend SDK release evidence cannot raise OS-substrate maturity.
gap-8911802f385ee97bb391,Normative language contract: Metaprogramming,Language_Gap,[],"[""domain-fbe7266f95fc90d9eac1""]",Unknown,T1_Independent_Language_Platform,Medium,[],"[""A normative specification for Metaprogramming with cross-revision compatibility guarantees and matching parser/typechecker evidence.""]",Language & type system,1,0,2,0,Metaprogramming is documented in spec/language_reference.md with no direct implementation evidence; current classified status is Unknown.,Publish and freeze the normative semantics for Metaprogramming with a versioned compatibility contract before depending on it for system-level work.
gap-8949f0a27f7c0cda294a,Normative language contract: Dynamic dispatch,Language_Gap,[],"[""domain-fbe7266f95fc90d9eac1""]",Unknown,T1_Independent_Language_Platform,Medium,[],"[""A normative specification for Dynamic dispatch with cross-revision compatibility guarantees and matching parser/typechecker evidence.""]",Language & type system,1,0,2,1,"Dynamic dispatch is documented in spec/language_reference.md, spec/type_system.md with no direct implementation evidence; current classified status is Unknown.",Publish and freeze the normative semantics for Dynamic dispatch with a versioned compatibility contract before depending on it for system-level work.
gap-89778a6ef0d7de321ce0,Boot entry point gap,Implementation_Gap,"[""Verification_Gap""]","[""domain-89778a6ef0d7de321ce0""]",Unsupported,T2_Freestanding_Substrate,High,[],"[""An implemented freestanding entry point that establishes an initial execution environment before runtime startup.""]",Boot Toolchain,2,1,1,2,"Boot entry point has no direct implementation evidence; strongest observed status is Unsupported. It remains a separate, unmerged pre-kernel Hard-Gate candidate.",Implement Boot entry point as an independent gate with direct evidence; it must not be satisfied by upstream or primitive relocatable-object proofs.
gap-89a2ed539b7dc5713ccf,Filesystem and storage stack gap,Implementation_Gap,[],"[""capability-userspace-filesystem-storage""]",Unknown,T4_Isolated_Userspace_Platform,Medium,"[""gate-42b6c22c8d119e7057bc""]","[""A Nebula-owned filesystem and storage stack with direct implementation evidence."",""Disclosed limitations must remain recorded: Host-owned / thin-host adjacency belongs to T0 and cannot raise this T4 capability's maturity above 0.; No Nebula-owned filesystem or storage stack exists.""]",System Services,2,1,0,2,"Filesystem and storage stack: only host-owned / thin-host adjacency exists (T0), so this T4 capability stays Maturity_Score 0 (authoritative source docs/universeos/kernel_boundary.md).",Implement Filesystem and storage stack above a Nebula-owned process/syscall boundary; host-owned adjacency cannot raise this T4 capability's maturity.
gap-89c34604230c670b8d6f,Boot target specification gap,Implementation_Gap,"[""Verification_Gap""]","[""domain-89c34604230c670b8d6f""]",Unsupported,T2_Freestanding_Substrate,High,[],"[""A reproducible target specification (architecture, data layout, and code model) with direct implementation evidence.""]",Boot Toolchain,2,1,1,2,"Boot target specification has no direct implementation evidence; strongest observed status is Unsupported. It remains a separate, unmerged pre-kernel Hard-Gate candidate.",Implement Boot target specification as an independent gate with direct evidence; it must not be satisfied by upstream or primitive relocatable-object proofs.
gap-8aa2264ac07698e67123,Deterministic / reproducible rebuild gap,Verification_Gap,[],"[""capability-reliability-deterministic-rebuild""]",Unknown,T1_Independent_Language_Platform,Medium,"[""gate-7e6ff8c1b7bf228d2952""]","[""A deterministic/reproducible rebuild with direct current implementation evidence, and every trust assumption (trusted tools, cooperative descendants, caller-controlled directories, host security services) recorded as a limitation."",""Disclosed limitations must remain recorded: Reproducible-build evidence is scoped to the hosted toolchain and depends on its recorded trust assumptions.""]",Release Engineering,1,2,0,1,Deterministic / reproducible rebuild: no direct current implementation evidence for this hosted tooling capability (authoritative source tests/README.md).,Provide direct current implementation evidence for Deterministic / reproducible rebuild in the hosted toolchain/service scope.
gap-8baac1565f2e5983d6ea,OS-substrate subsystem: Traps and exceptions,Implementation_Gap,[],"[""capability-hw-traps""]",Planned,T3_Boot_And_Kernel_Foundation,Critical,[],"[""Direct implementation evidence of a trap/exception vector table with fault handlers and defined return contracts.""]",Kernel & Hardware,3,2,1,1,"Traps and exceptions has no direct implementation evidence (matched evidence evidence-0dd6436ed5bdb6512960, evidence-10547139e24e4253f806, evidence-255a8145b4dcc20fd177, evidence-686d8476bd1962661986, evidence-b6c791764fbd2a709cde); per Requirement 10.6 its Maturity_Score is 0 (absent). No trap/exception handling implementation exists.",Register a positive implementation gate for Traps and exceptions and produce direct implementation evidence before claiming any maturity; boot or prerequisite gates do not lift this subsystem.
gap-8c97b780ba412025cbf3,Normative language contract: Aliasing,Language_Gap,[],"[""domain-fbe7266f95fc90d9eac1""]",Unknown,T1_Independent_Language_Platform,Critical,[],"[""A normative specification for Aliasing with cross-revision compatibility guarantees and matching parser/typechecker evidence.""]",Language & type system,2,2,1,1,"Aliasing is documented in spec/rep_owner_model.md, spec/safety_contract.md with direct implementation evidence evidence-19429a0e9339edd0ae79, evidence-1da33b48535aee270420, evidence-268264b031bca69dacf8, evidence-588637a269b6497fbb2c, evidence-64bece4cc18508fe729c, evidence-75e1ab5848df15d611f9, evidence-ae007f2fb227b343aae0, evidence-aeda7ee5443349dc5a62, evidence-b953368c149d6d373032, evidence-cbeee7c906e568ad120b, evidence-ccbe839da67a36757cd4, evidence-ec91ba371bb7b1739de5, evidence-f1ba1a49ff3e526f119e, evidence-fb3b99361260bfe222c0; current classified status is Unknown.",Publish and freeze the normative semantics for Aliasing with a versioned compatibility contract before depending on it for system-level work.
gap-8d5910dc01c8dff99175,OS-substrate subsystem: Page tables,Implementation_Gap,[],"[""capability-hw-page-tables""]",Unknown,T3_Boot_And_Kernel_Foundation,Critical,[],"[""Direct implementation evidence of page-table construction and mapping management.""]",Kernel & Hardware,3,2,1,2,"Page tables has no direct implementation evidence (matched evidence evidence-394251a0f49e111cb4ee, evidence-535ad156631b2f50f4a4, evidence-7d19a84d9b587ebbe7dc, evidence-7fdb61439242f68ed1ec, evidence-85b9f17b90d35227b97f, evidence-8889817ae5b7f07ed7d7, evidence-bb4172ed4e761c2d7d81, evidence-c22a53fa87bbedebd3bc, evidence-d428765092a5ada16676, evidence-ee68a50129b6ed0f4473, evidence-f0c4f6918d6ad69acee9, evidence-f18b0e69eb5a516ef839); per Requirement 10.6 its Maturity_Score is 0 (absent). No page-table implementation exists.",Register a positive implementation gate for Page tables and produce direct implementation evidence before claiming any maturity; boot or prerequisite gates do not lift this subsystem.
gap-8ec47c1ed509f0804306,OS-substrate subsystem: Syscall dispatch,Implementation_Gap,[],"[""capability-kernel-syscall-dispatch""]",Unsupported,T3_Boot_And_Kernel_Foundation,Critical,[],"[""Direct implementation evidence of a syscall dispatch path validating syscall numbers, ABI version, and argument layout.""]",Kernel,3,2,2,2,"Syscall dispatch has no direct implementation evidence (matched evidence evidence-0c8a8aaf00020a404353, evidence-1306c26f99af7c3615f1, evidence-1c6b6989a922d26e602a, evidence-26fb76735e839b771398, evidence-3de068dc79035529803e, evidence-43bb99a969425ec0e7bb, evidence-479ca10541e74743fa97, evidence-6906469698a8ac64d0f2, evidence-6988aa389d81112c36e5, evidence-6b811c08d3bda62ba0e1, evidence-6ccb68b631cbc6ab34b0, evidence-7d0495329cbb3d85500a, evidence-92c3c661e31c4ca5813a, evidence-92f50b282fbfc1fdf335, evidence-95a41af333da784d1f6b, evidence-a42c1d0c8ba505ffdd63, evidence-b36b288a1b992f91425b, evidence-b55bf1aafa8c35f67d82, evidence-c1d94b67438d35444278, evidence-c26208dbf9d09e1469fd, evidence-d2b95a83993040395a12, evidence-d317e017757b53bead27, evidence-dea2d9c4aba8fa271e70, evidence-e3a610b897321bed7d51, evidence-f19d5c1a095c7d315769); per Requirement 10.6 its Maturity_Score is 0 (absent). No syscall ABI or dispatch implementation exists.",Register a positive implementation gate for Syscall dispatch and produce direct implementation evidence before claiming any maturity; boot or prerequisite gates do not lift this subsystem.
gap-94e5ba902e0afac8b4a5,OS-substrate subsystem: Kernel panic path,Implementation_Gap,[],"[""capability-kernel-panic""]",Unknown,T3_Boot_And_Kernel_Foundation,Critical,[],"[""Direct implementation evidence of a freestanding panic/abort path without hosted unwind or C++ runtime dependencies.""]",Kernel,2,2,1,1,Kernel panic path has no direct implementation evidence (no matching evidence); per Requirement 10.6 its Maturity_Score is 0 (absent). No freestanding kernel panic path exists.,Register a positive implementation gate for Kernel panic path and produce direct implementation evidence before claiming any maturity; boot or prerequisite gates do not lift this subsystem.
gap-958c641562616fe9d7a1,Capability-based security enforcement gap,Implementation_Gap,[],"[""capability-security-capability-enforcement""]",Unknown,T3_Boot_And_Kernel_Foundation,High,"[""gate-024e105461e96cffee40""]","[""A Nebula-owned capability-based security enforcement mechanism with direct implementation evidence."",""Disclosed limitations must remain recorded: No Nebula-owned capability enforcement mechanism exists.""]",Boot & Kernel,3,3,0,3,Capability-based security enforcement: no OS-substrate implementation evidence exists (authoritative source docs/universeos/kernel_boundary.md).,Implement Capability-based security enforcement in a Nebula-owned OS substrate; compiler or hosted-service operations evidence cannot raise this capability's maturity.
gap-963c81b847f8372e6a45,"Package installation, updates, and rollback gap",Implementation_Gap,[],"[""capability-userspace-install-update-rollback""]",Unknown,T4_Isolated_Userspace_Platform,High,"[""gate-b410a95ca824df27251d""]","[""A Nebula-owned install/update/rollback mechanism for the OS platform with direct implementation evidence."",""Disclosed limitations must remain recorded: Host-owned / thin-host adjacency belongs to T0 and cannot raise this T4 capability's maturity above 0.; No Nebula-owned OS install, update, or rollback mechanism exists.""]",Update & Recovery,2,2,0,2,"Package installation, updates, and rollback: only host-owned / thin-host adjacency exists (T0), so this T4 capability stays Maturity_Score 0 (authoritative source docs/universeos/architecture.md).","Implement Package installation, updates, and rollback above a Nebula-owned process/syscall boundary; host-owned adjacency cannot raise this T4 capability's maturity."
gap-97642b5a461ced9e8e37,OS-substrate subsystem: Context switching,Implementation_Gap,[],"[""capability-kernel-context-switch""]",Unknown,T3_Boot_And_Kernel_Foundation,Critical,[],"[""Direct implementation evidence of context-frame save/restore and context switching between execution contexts.""]",Kernel,3,2,1,1,Context switching has no direct implementation evidence (no matching evidence); per Requirement 10.6 its Maturity_Score is 0 (absent). No context-switching implementation exists.,Register a positive implementation gate for Context switching and produce direct implementation evidence before claiming any maturity; boot or prerequisite gates do not lift this subsystem.
gap-9848e84bf45543d21d83,Runtime/library/package gap: Workspace support,Implementation_Gap,[],"[""capability-package-workspace""]",Unknown,T1_Independent_Language_Platform,Medium,[],"[""Implemented workspace support support with direct implementation evidence."",""Workspace support has no accepted implementation evidence.""]",Package & Ecosystem,1,0,1,1,"Workspace support has no accepted current implementation satisfying Requirement 8.5; strongest observed status is Unknown (matched evidence: evidence-014dc6626985c2525732, evidence-02274adc22a30a2f300d, evidence-024110c73cb27680aa43, evidence-02b4e17cca8f7527ef72, evidence-08b8ada2f139be788c53, evidence-0b4ae3ba20f7cbf1c15f, evidence-0b943cf33c36aac4f44c, evidence-0bcf0307e2bae9c0e5fe, evidence-0d39b4f4e069dfb2e546, evidence-135430d9023fdaabd8f2, evidence-136e316abc59a5abe7bb, evidence-1401fb18655117e2213c, evidence-187c9f889627a4c14337, evidence-194378983183dfee111a, evidence-19b56a3a16fec734f676, evidence-1c90a78187e1a1583b01, evidence-1e6f46409dbc1465f980, evidence-20ede79292f4a61da4d1, evidence-21e234b66fcc195a91f5, evidence-2272ab025a8d1edc16f7, evidence-22cd1db70210cebdf769, evidence-2464da79ae0c6b44adc8, evidence-24feb95a1f67dd0d791f, evidence-25db9856388fa81ad588, evidence-265c3a2962ad0e62697f, evidence-291c9cb9798a2f5678af, evidence-29c816ec2eae865e84c3, evidence-2d57bbb2b932277eafb5, evidence-2e0bfbf17bab08aa3e0d, evidence-32bf348c9075e0a9b34b, evidence-39abf5d19eaef47fad08, evidence-39da6cc7390ee294e667, evidence-417d9d6a14fbc6519d43, evidence-42e8ef9d03f1554dba40, evidence-4b97aeca09df7e852c0d, evidence-4bc1647dd5a3790f6a5c, evidence-4caceefe76cd404c0835, evidence-4cbf753539f6c9d7ba28, evidence-5769ba1a1819f124b3fe, evidence-58575aef559e895638db, evidence-59444baa41dfb87d07c7, evidence-5a04ac76151f708b1706, evidence-605090a416158595756f, evidence-621db393e3c85ebefb00, evidence-642c5760af116598272f, evidence-68de496d987a9a9bda2d, evidence-6c2b8a11b7cef157e944, evidence-70166991780e641e5071, evidence-709d983d9cb0db6dcdef, evidence-739e7d243cfd76c6cde6, evidence-7611d78ba8f776964054, evidence-78b2736e8e75d24f299b, evidence-78b9a00ebb3d319907c6, evidence-79b279e4441e9c911a74, evidence-7a062e93d5061af43c6d, evidence-7b5427ed7a65408cb3a8, evidence-7c12d9c1ff782af2f797, evidence-7c4493818b96d1b8c80d, evidence-7ce70d2b55616b435b0b, evidence-7d42a8164d0938176eb5, evidence-7d6610de578e92e02f43, evidence-7db8f312d686ee011f2f, evidence-7e99554e6f6f676231a7, evidence-867e5eada696a1f431a1, evidence-870e0561b1611191b59f, evidence-891a211de7f9a692afe0, evidence-899a26f489cd5a3f8acb, evidence-8a1609f59e77545dd9c3, evidence-8a660fe001174985548f, evidence-8c16e25ef2c0ceb62acf, evidence-8ce145d176950d6fd6d6, evidence-8ebde31a5b08532330a0, evidence-8f248b470edf3d165768, evidence-948fb24a10c0f1b97e57, evidence-969c3f1e3516a766754d, evidence-a0b280fcfa4612418c7f, evidence-a28c6432a56c67c0826c, evidence-a4cbd1652cdca68f3490, evidence-a6ccde1ff10664c893b5, evidence-a70e2e1531b09418ce79, evidence-a84f5842f741ec91994d, evidence-aa2d4787c8181f73c865, evidence-aac8743f2ac97547d5af, evidence-ac1db6a50d2ca9814a3b, evidence-acacb785f6276b36b119, evidence-adf13c076c47e70e45d3, evidence-afb5558dd7c3273d1ed8, evidence-b5298007c87f8513a5ac, evidence-b54704a2709ac94bfaa6, evidence-b7e07c981bb39cd1cf9d, evidence-bb2350e1a75fbdf2849a, evidence-bc6f76b521ce97d9c9f9, evidence-bf8f98dcf02e939c5535, evidence-c0134f6ed1a94fece429, evidence-c0a5db0047d0f4fe87a3, evidence-c10f3d0dca998ee507ad, evidence-c22a53fa87bbedebd3bc, evidence-c248e09684ee1dd3c8ef, evidence-c3c84b407c0efd053379, evidence-c41efc81899f63252781, evidence-c4cd2a3acabe5b0c0577, evidence-c5b103ac4b688dcdc4cb, evidence-c5cd71dafc0ba9cb96e2, evidence-c86e09574675f43c125b, evidence-c88307b3d4e3f1dbe30a, evidence-c92113e4634fcd37ae32, evidence-c982670b245c19a32687, evidence-caa70f7e0233722e5c39, evidence-ce9cf527608c46e4d219, evidence-cf0f9c75ee39fdc3e8da, evidence-d41279b7b333db173044, evidence-d4312ba2e6dd92c8bdf5, evidence-d7f28d3bc3d87850ccd5, evidence-d9cdd35bed6c96dda377, evidence-dc58dc677a6440a3bec4, evidence-e37dec4c618eab36d61b, evidence-e612f1183f43fad0288c, evidence-e858aa3cc9881f906df5, evidence-ed70d0e7f36a461583a0, evidence-f0578353d16786cda29f, evidence-f06038b4e747192b2a31, evidence-f06d3131c9fee14d3f8a, evidence-f122c647012fb2d90657, evidence-f27ea72b21412ef339ab, evidence-f53d9e7ed720ad8240b5, evidence-f5d4a3938d93beed6e8d, evidence-f5d66ebe696fc04fa013, evidence-f985c3799c9ed57abeef, evidence-fac28875513f9baf990a, evidence-fc44cd0a00beb8a6243d, evidence-fd709315a1650215cf99, evidence-fdc28c748c85ca51cf5f).",Implement and verify Workspace support before depending on it for freestanding or ecosystem work.
gap-9a09dd752fe5ef07fe5a,Secret and cryptographic key lifecycle gap,Implementation_Gap,[],"[""capability-security-secret-crypto-lifecycle""]",Unknown,T5_Operable_Universe_OS,High,"[""gate-024e105461e96cffee40""]","[""A Nebula-owned secret and cryptographic key lifecycle (provisioning, rotation, revocation) with direct implementation evidence."",""Disclosed limitations must remain recorded: No Nebula-owned OS secret or cryptographic key lifecycle exists.""]",Security Operations,3,3,0,3,Secret and cryptographic key lifecycle: no OS-substrate implementation evidence exists (authoritative source docs/universeos/architecture.md).,Implement Secret and cryptographic key lifecycle in a Nebula-owned OS substrate; compiler or hosted-service operations evidence cannot raise this capability's maturity.
gap-9b675d3c6f1ec084ea8a,"Hosted-service profiling, tracing, metrics, and logs gap",Verification_Gap,[],"[""capability-observability-hosted-telemetry""]",Unknown,T0_Hosted_Adjacency,Medium,"[""gate-773cbe5008ea0adfbf60""]","[""Disclosed limitations must remain recorded: Hosted-service observability runs on the host OS and is not OS-substrate observability."",""Hosted-service profiling, tracing, metrics, and log tooling with direct current implementation evidence; scoped to hosted adjacency.""]",Backend & Observability,1,1,0,1,"Hosted-service profiling, tracing, metrics, and logs: no direct current implementation evidence for this hosted tooling capability (authoritative source docs/support_matrix.md).","Provide direct current implementation evidence for Hosted-service profiling, tracing, metrics, and logs in the hosted toolchain/service scope."
gap-9be37983330c0579a580,Optimization gap,Implementation_Gap,[],"[""capability-pipeline-optimization""]",Unknown,T1_Independent_Language_Platform,Medium,[],"[""Optimization-pass implementation evidence.""]",Compiler & ABI,2,0,1,2,"No normative, in-scope, independent implementation was found for Optimization; strongest observed evidence status is Unknown (authoritative source spec/compiler_pipeline.md).","Define and implement Optimization within its own scope; hosted C ABI, generated C++, clang-backed, or primitive relocatable-object evidence cannot satisfy it."
gap-9ca89cebb918e77955cd,OS-substrate subsystem: Resource accounting,Implementation_Gap,[],"[""capability-kernel-resource-accounting""]",Unknown,T3_Boot_And_Kernel_Foundation,High,[],"[""Direct implementation evidence of kernel resource accounting and quota enforcement.""]",Kernel,1,1,1,1,Resource accounting has no direct implementation evidence (no matching evidence); per Requirement 10.6 its Maturity_Score is 0 (absent). No kernel resource accounting implementation exists.,Register a positive implementation gate for Resource accounting and produce direct implementation evidence before claiming any maturity; boot or prerequisite gates do not lift this subsystem.
gap-9dcff9ff848430203ae8,Semantic stability: Closures,Verification_Gap,[],"[""domain-fbe7266f95fc90d9eac1""]",Unknown,T1_Independent_Language_Platform,Medium,[],"[""A published compatibility/stability policy governing Closures with cross-revision guarantees and a negative-change process.""]",Language & type system,1,0,2,1,"Closures has parser/typechecker implementation evidence (evidence-144d8c1ed5cd5ce830bf, evidence-19429a0e9339edd0ae79, evidence-1da33b48535aee270420, evidence-2274d0884e4bb05a4b7b, evidence-268264b031bca69dacf8, evidence-2eeda1ed4d6bcbe8ba41, evidence-36510b73f83da25ec5e4, evidence-588637a269b6497fbb2c, evidence-5e9356cb17ef95d4be12, evidence-64bece4cc18508fe729c, evidence-671e810b7e2ffe60fbb3, evidence-75e1ab5848df15d611f9, evidence-ab1211a8f56a35c0eb97, evidence-ae007f2fb227b343aae0, evidence-aeda7ee5443349dc5a62, evidence-b789df43e6f1c88b625e, evidence-b953368c149d6d373032, evidence-c48d330d91a1c571cee6, evidence-c79ceda34fd4137276cd, evidence-cbeee7c906e568ad120b, evidence-ccbe839da67a36757cd4, evidence-dd282ac22cd0e59062f2, evidence-e67eed220d2c48ee199b, evidence-ec91ba371bb7b1739de5, evidence-efb3f9adec4a1c735fee, evidence-f1ba1a49ff3e526f119e, evidence-fb197b693252737d9eee, evidence-fb3b99361260bfe222c0, evidence-fffdbd2d9a627d7fd662) but no compatibility policy, so its semantics are not yet stable across revisions.",Define a compatibility policy for Closures so implemented behavior cannot silently change between revisions.
gap-9ea097673faded84fabe,Semantic stability: Aliasing,Verification_Gap,[],"[""domain-fbe7266f95fc90d9eac1""]",Unknown,T1_Independent_Language_Platform,Critical,[],"[""A published compatibility/stability policy governing Aliasing with cross-revision guarantees and a negative-change process.""]",Language & type system,2,2,2,1,"Aliasing has parser/typechecker implementation evidence (evidence-19429a0e9339edd0ae79, evidence-1da33b48535aee270420, evidence-268264b031bca69dacf8, evidence-588637a269b6497fbb2c, evidence-64bece4cc18508fe729c, evidence-75e1ab5848df15d611f9, evidence-ae007f2fb227b343aae0, evidence-aeda7ee5443349dc5a62, evidence-b953368c149d6d373032, evidence-cbeee7c906e568ad120b, evidence-ccbe839da67a36757cd4, evidence-ec91ba371bb7b1739de5, evidence-f1ba1a49ff3e526f119e, evidence-fb3b99361260bfe222c0) but no compatibility policy, so its semantics are not yet stable across revisions.",Define a compatibility policy for Aliasing so implemented behavior cannot silently change between revisions.
gap-a016bff260c81e6a66ae,Normative language contract: Control flow,Language_Gap,[],"[""domain-fbe7266f95fc90d9eac1""]",Unknown,T1_Independent_Language_Platform,Medium,[],"[""A normative specification for Control flow with cross-revision compatibility guarantees and matching parser/typechecker evidence.""]",Language & type system,1,0,1,1,"Control flow is documented in spec/grammar.ebnf, spec/language_core.md with direct implementation evidence evidence-144d8c1ed5cd5ce830bf, evidence-19429a0e9339edd0ae79, evidence-1da33b48535aee270420, evidence-2274d0884e4bb05a4b7b, evidence-268264b031bca69dacf8, evidence-2eeda1ed4d6bcbe8ba41, evidence-36510b73f83da25ec5e4, evidence-588637a269b6497fbb2c, evidence-5e9356cb17ef95d4be12, evidence-64bece4cc18508fe729c, evidence-671e810b7e2ffe60fbb3, evidence-75e1ab5848df15d611f9, evidence-ab1211a8f56a35c0eb97, evidence-ae007f2fb227b343aae0, evidence-aeda7ee5443349dc5a62, evidence-b789df43e6f1c88b625e, evidence-b953368c149d6d373032, evidence-c48d330d91a1c571cee6, evidence-c79ceda34fd4137276cd, evidence-cbeee7c906e568ad120b, evidence-ccbe839da67a36757cd4, evidence-dd282ac22cd0e59062f2, evidence-e67eed220d2c48ee199b, evidence-ec91ba371bb7b1739de5, evidence-efb3f9adec4a1c735fee, evidence-f1ba1a49ff3e526f119e, evidence-fb197b693252737d9eee, evidence-fb3b99361260bfe222c0, evidence-fffdbd2d9a627d7fd662; current classified status is Unknown.",Publish and freeze the normative semantics for Control flow with a versioned compatibility contract before depending on it for system-level work.
gap-a1160adb162498c92bae,Runtime/library/package gap: Git dependencies,Implementation_Gap,[],"[""capability-package-git-dependency""]",Unknown,T1_Independent_Language_Platform,Medium,[],"[""Git dependencies has no accepted implementation evidence."",""Implemented git dependencies support with direct implementation evidence.""]",Package & Ecosystem,1,0,1,1,Git dependencies has no accepted current implementation satisfying Requirement 8.5; strongest observed status is Unknown (no matching evidence found).,Implement and verify Git dependencies before depending on it for freestanding or ecosystem work.
gap-a2894341b0d39a428add,Package trust and signing gap,Ecosystem_Gap,[],"[""capability-security-package-trust""]",Unknown,T1_Independent_Language_Platform,Medium,"[""gate-024e105461e96cffee40""]","[""Disclosed limitations must remain recorded: Package trust controls are scoped to the hosted package ecosystem."",""Package trust and signature-verification controls with direct current implementation evidence.""]",Ecosystem,1,3,0,1,Package trust and signing: no direct current implementation evidence for this hosted tooling capability (authoritative source docs/official_package_tiering.md).,Provide direct current implementation evidence for Package trust and signing in the hosted toolchain/service scope.
gap-a2a138d50fb55f9f277f,OS-substrate subsystem: Thread model,Implementation_Gap,[],"[""capability-kernel-thread-model""]",Unknown,T3_Boot_And_Kernel_Foundation,High,[],"[""Direct implementation evidence of a kernel thread model with thread lifecycle management.""]",Kernel,2,1,1,1,Thread model has no direct implementation evidence (no matching evidence); per Requirement 10.6 its Maturity_Score is 0 (absent). No kernel thread model exists.,Register a positive implementation gate for Thread model and produce direct implementation evidence before claiming any maturity; boot or prerequisite gates do not lift this subsystem.
gap-a546f1e7134fe6ec90c4,Normative language contract: Target layout,Language_Gap,[],"[""domain-fbe7266f95fc90d9eac1""]",Unknown,T1_Independent_Language_Platform,High,[],"[""A normative specification for Target layout with cross-revision compatibility guarantees and matching parser/typechecker evidence.""]",Language & type system,3,1,1,2,"Target layout is documented in spec/abi_layout.md with direct implementation evidence evidence-61fa5e8ce3f4f1c2215d, evidence-8134bb444b9ff6c2a6c3, evidence-9590cac46c0ee80276c5, evidence-9f5649d58b6b0a875add, evidence-a161e7e02d04f1b94fe6, evidence-a9922399f899da3770cf, evidence-c11528bb42afadadb318, evidence-f6e2fffbc042fd84d3c5; current classified status is Unknown.",Publish and freeze the normative semantics for Target layout with a versioned compatibility contract before depending on it for system-level work.
gap-a5654e1d64059f716f4f,OS-substrate subsystem: Early console,Implementation_Gap,[],"[""capability-hw-early-console""]",Unsupported,T3_Boot_And_Kernel_Foundation,High,[],"[""Direct implementation evidence of an early console (e.g. serial/UART) driven by kernel code, proven by execution.""]",Kernel & Hardware,2,1,1,1,Early console has no direct implementation evidence (matched evidence evidence-92f50b282fbfc1fdf335); per Requirement 10.6 its Maturity_Score is 0 (absent). No early console implementation exists.,Register a positive implementation gate for Early console and produce direct implementation evidence before claiming any maturity; boot or prerequisite gates do not lift this subsystem.
gap-a5e90e7b781d765fba3f,NIR and control-flow graph gap,Implementation_Gap,[],"[""capability-pipeline-nir-cfg""]",Unknown,T1_Independent_Language_Platform,Medium,[],"[""NIR and CFG lowering implementation evidence.""]",Compiler & ABI,2,0,1,2,"No normative, in-scope, independent implementation was found for NIR and control-flow graph; strongest observed evidence status is Unknown (authoritative source spec/compiler_pipeline.md).","Define and implement NIR and control-flow graph within its own scope; hosted C ABI, generated C++, clang-backed, or primitive relocatable-object evidence cannot satisfy it."
gap-a6f33ad557cb0cbfec88,Normative language contract: Pointers,Language_Gap,[],"[""domain-fbe7266f95fc90d9eac1""]",Unknown,T1_Independent_Language_Platform,Critical,[],"[""A normative specification for Pointers with cross-revision compatibility guarantees and matching parser/typechecker evidence.""]",Language & type system,1,2,1,1,"Pointers is documented in spec/safety_contract.md, spec/type_system.md with direct implementation evidence evidence-144d8c1ed5cd5ce830bf, evidence-2274d0884e4bb05a4b7b, evidence-2eeda1ed4d6bcbe8ba41, evidence-36510b73f83da25ec5e4, evidence-5e9356cb17ef95d4be12, evidence-671e810b7e2ffe60fbb3, evidence-ab1211a8f56a35c0eb97, evidence-b789df43e6f1c88b625e, evidence-c48d330d91a1c571cee6, evidence-c79ceda34fd4137276cd, evidence-dd282ac22cd0e59062f2, evidence-e67eed220d2c48ee199b, evidence-efb3f9adec4a1c735fee, evidence-fb197b693252737d9eee, evidence-fffdbd2d9a627d7fd662; current classified status is Unknown.",Publish and freeze the normative semantics for Pointers with a versioned compatibility contract before depending on it for system-level work.
gap-a87e445e315b31835d18,Contract suites gap,Verification_Gap,[],"[""capability-release-contract-suites""]",Unknown,T1_Independent_Language_Platform,Medium,[],"[""An executed contract test suite with direct execution evidence.""]",Release Engineering,1,0,0,1,Contract suites: no direct current implementation evidence (strongest observed status Unknown); authoritative source .github/workflows/contract-tests.yml.,Provide direct implementation/execution evidence for Contract suites; scoped compiler/tooling or Linux backend SDK release evidence cannot raise OS-substrate maturity.
gap-a992eeb2e41b55081d1d,Semantic stability: Patterns,Verification_Gap,[],"[""domain-fbe7266f95fc90d9eac1""]",Unknown,T1_Independent_Language_Platform,Medium,[],"[""A published compatibility/stability policy governing Patterns with cross-revision guarantees and a negative-change process.""]",Language & type system,1,0,2,1,"Patterns has parser/typechecker implementation evidence (evidence-144d8c1ed5cd5ce830bf, evidence-2274d0884e4bb05a4b7b, evidence-2eeda1ed4d6bcbe8ba41, evidence-36510b73f83da25ec5e4, evidence-5e9356cb17ef95d4be12, evidence-671e810b7e2ffe60fbb3, evidence-ab1211a8f56a35c0eb97, evidence-b789df43e6f1c88b625e, evidence-c48d330d91a1c571cee6, evidence-c79ceda34fd4137276cd, evidence-dd282ac22cd0e59062f2, evidence-e67eed220d2c48ee199b, evidence-efb3f9adec4a1c735fee, evidence-fb197b693252737d9eee, evidence-fffdbd2d9a627d7fd662) but no compatibility policy, so its semantics are not yet stable across revisions.",Define a compatibility policy for Patterns so implemented behavior cannot silently change between revisions.
gap-a9ef3eb15eec04782f41,Normative language contract: Primitive widths,Language_Gap,[],"[""domain-fbe7266f95fc90d9eac1""]",Unknown,T1_Independent_Language_Platform,High,[],"[""A normative specification for Primitive widths with cross-revision compatibility guarantees and matching parser/typechecker evidence.""]",Language & type system,2,1,0,1,"Primitive widths is documented in spec/abi_layout.md, spec/type_system.md with direct implementation evidence evidence-144d8c1ed5cd5ce830bf, evidence-2274d0884e4bb05a4b7b, evidence-2eeda1ed4d6bcbe8ba41, evidence-36510b73f83da25ec5e4, evidence-5e9356cb17ef95d4be12, evidence-61fa5e8ce3f4f1c2215d, evidence-671e810b7e2ffe60fbb3, evidence-8134bb444b9ff6c2a6c3, evidence-9590cac46c0ee80276c5, evidence-9f5649d58b6b0a875add, evidence-a161e7e02d04f1b94fe6, evidence-a9922399f899da3770cf, evidence-ab1211a8f56a35c0eb97, evidence-b789df43e6f1c88b625e, evidence-c11528bb42afadadb318, evidence-c48d330d91a1c571cee6, evidence-c79ceda34fd4137276cd, evidence-dd282ac22cd0e59062f2, evidence-e67eed220d2c48ee199b, evidence-efb3f9adec4a1c735fee, evidence-f6e2fffbc042fd84d3c5, evidence-fb197b693252737d9eee, evidence-fffdbd2d9a627d7fd662; current classified status is Unknown.",Publish and freeze the normative semantics for Primitive widths with a versioned compatibility contract before depending on it for system-level work.
gap-aa076fcf860035b8d724,Runtime/library/package gap: Freestanding startup sequence,Implementation_Gap,[],"[""capability-runtime-freestanding-startup""]",Unknown,T2_Freestanding_Substrate,High,[],"[""A freestanding startup sequence that runs without a hosted runtime."",""There is no freestanding startup runtime; the CLI no-std rejection and the primitive object path are not a runtime.""]",Freestanding Runtime,2,0,1,2,"Freestanding startup sequence has no accepted current implementation satisfying Requirement 8.1; strongest observed status is Unknown (matched evidence: evidence-233f4c35d9bd40187e78, evidence-40554233a9dd16c10630, evidence-7611d78ba8f776964054, evidence-adf13c076c47e70e45d3, evidence-c248e09684ee1dd3c8ef, evidence-e03d3851931cd97d686c, evidence-e40f24aee44b1d656a54).",Implement and verify Freestanding startup sequence before depending on it for freestanding or ecosystem work.
gap-ab613a9ad880ff9cf3e1,Semantic stability: Slices,Verification_Gap,[],"[""domain-fbe7266f95fc90d9eac1""]",Unknown,T1_Independent_Language_Platform,Medium,[],"[""A published compatibility/stability policy governing Slices with cross-revision guarantees and a negative-change process.""]",Language & type system,1,0,2,1,"Slices has parser/typechecker implementation evidence (evidence-144d8c1ed5cd5ce830bf, evidence-2274d0884e4bb05a4b7b, evidence-2eeda1ed4d6bcbe8ba41, evidence-36510b73f83da25ec5e4, evidence-5e9356cb17ef95d4be12, evidence-671e810b7e2ffe60fbb3, evidence-ab1211a8f56a35c0eb97, evidence-b789df43e6f1c88b625e, evidence-c48d330d91a1c571cee6, evidence-c79ceda34fd4137276cd, evidence-dd282ac22cd0e59062f2, evidence-e67eed220d2c48ee199b, evidence-efb3f9adec4a1c735fee, evidence-fb197b693252737d9eee, evidence-fffdbd2d9a627d7fd662) but no compatibility policy, so its semantics are not yet stable across revisions.",Define a compatibility policy for Slices so implemented behavior cannot silently change between revisions.
gap-acfca146fb0baf1a5abd,OS-substrate subsystem: CPU state management,Implementation_Gap,[],"[""capability-hw-cpu-state""]",Unknown,T3_Boot_And_Kernel_Foundation,Critical,[],"[""Direct implementation evidence of CPU state and privilege-level management (control registers, mode transitions).""]",Kernel & Hardware,2,2,1,1,CPU state management has no direct implementation evidence (no matching evidence); per Requirement 10.6 its Maturity_Score is 0 (absent). No CPU-state or privilege-level management implementation exists.,Register a positive implementation gate for CPU state management and produce direct implementation evidence before claiming any maturity; boot or prerequisite gates do not lift this subsystem.
gap-adb4ae22fa17655d4f43,Bootstrap reproducibility gap,Implementation_Gap,[],"[""capability-pipeline-bootstrap""]",Unknown,T1_Independent_Language_Platform,High,[],"[""An accepted, reproducible independent bootstrap path with no generated C++ or external clang dependency.""]",Compiler & ABI,2,0,2,2,"No normative, in-scope, independent implementation was found for Bootstrap reproducibility; strongest observed evidence status is Unknown (authoritative source spec/compiler_pipeline.md).","Define and implement Bootstrap reproducibility within its own scope; hosted C ABI, generated C++, clang-backed, or primitive relocatable-object evidence cannot satisfy it."
gap-b3af7bcec6349ef8c630,Semantic stability: Target layout,Verification_Gap,[],"[""domain-fbe7266f95fc90d9eac1""]",Unknown,T1_Independent_Language_Platform,High,[],"[""A published compatibility/stability policy governing Target layout with cross-revision guarantees and a negative-change process.""]",Language & type system,3,1,2,2,"Target layout has parser/typechecker implementation evidence (evidence-61fa5e8ce3f4f1c2215d, evidence-8134bb444b9ff6c2a6c3, evidence-9590cac46c0ee80276c5, evidence-9f5649d58b6b0a875add, evidence-a161e7e02d04f1b94fe6, evidence-a9922399f899da3770cf, evidence-c11528bb42afadadb318, evidence-f6e2fffbc042fd84d3c5) but no compatibility policy, so its semantics are not yet stable across revisions.",Define a compatibility policy for Target layout so implemented behavior cannot silently change between revisions.
gap-b4f082b2bc447989b1dc,Normative language contract: Slices,Language_Gap,[],"[""domain-fbe7266f95fc90d9eac1""]",Unknown,T1_Independent_Language_Platform,Medium,[],"[""A normative specification for Slices with cross-revision compatibility guarantees and matching parser/typechecker evidence.""]",Language & type system,1,0,1,1,"Slices is documented in spec/type_system.md with direct implementation evidence evidence-144d8c1ed5cd5ce830bf, evidence-2274d0884e4bb05a4b7b, evidence-2eeda1ed4d6bcbe8ba41, evidence-36510b73f83da25ec5e4, evidence-5e9356cb17ef95d4be12, evidence-671e810b7e2ffe60fbb3, evidence-ab1211a8f56a35c0eb97, evidence-b789df43e6f1c88b625e, evidence-c48d330d91a1c571cee6, evidence-c79ceda34fd4137276cd, evidence-dd282ac22cd0e59062f2, evidence-e67eed220d2c48ee199b, evidence-efb3f9adec4a1c735fee, evidence-fb197b693252737d9eee, evidence-fffdbd2d9a627d7fd662; current classified status is Unknown.",Publish and freeze the normative semantics for Slices with a versioned compatibility contract before depending on it for system-level work.
gap-b64c7091d12fde31846a,Runtime/library/package gap: Freestanding unwinding,Implementation_Gap,[],"[""capability-runtime-unwinding""]",Unknown,T2_Freestanding_Substrate,High,[],"[""A freestanding stack-unwinding mechanism with implementation evidence."",""Freestanding unwinding is unspecified and unimplemented.""]",Freestanding Runtime,2,0,1,2,Freestanding unwinding has no accepted current implementation satisfying Requirement 8.1; strongest observed status is Unknown (matched evidence: evidence-3a36a899e5cd1a19fb7a).,Implement and verify Freestanding unwinding before depending on it for freestanding or ecosystem work.
gap-b6b718d7d0d506fb492a,Native code generation (independent backend) gap,Implementation_Gap,[],"[""capability-pipeline-native-codegen""]",Unsupported,T1_Independent_Language_Platform,High,[],"[""A Nebula-owned native code generator that does not depend on generated C++ or an external clang toolchain.""]",Compiler & ABI,2,0,2,2,"No normative, in-scope, independent implementation was found for Native code generation (independent backend); strongest observed evidence status is Unsupported (authoritative source spec/compiler_pipeline.md).","Define and implement Native code generation (independent backend) within its own scope; hosted C ABI, generated C++, clang-backed, or primitive relocatable-object evidence cannot satisfy it."
gap-b9c31a53a4f25e9eba93,Semantic stability: Generics,Verification_Gap,[],"[""domain-fbe7266f95fc90d9eac1""]",Unknown,T1_Independent_Language_Platform,High,[],"[""A published compatibility/stability policy governing Generics with cross-revision guarantees and a negative-change process.""]",Language & type system,2,0,2,1,"Generics has parser/typechecker implementation evidence (evidence-144d8c1ed5cd5ce830bf, evidence-19429a0e9339edd0ae79, evidence-1da33b48535aee270420, evidence-2274d0884e4bb05a4b7b, evidence-268264b031bca69dacf8, evidence-2eeda1ed4d6bcbe8ba41, evidence-36510b73f83da25ec5e4, evidence-588637a269b6497fbb2c, evidence-5e9356cb17ef95d4be12, evidence-64bece4cc18508fe729c, evidence-671e810b7e2ffe60fbb3, evidence-75e1ab5848df15d611f9, evidence-ab1211a8f56a35c0eb97, evidence-ae007f2fb227b343aae0, evidence-aeda7ee5443349dc5a62, evidence-b789df43e6f1c88b625e, evidence-b953368c149d6d373032, evidence-c48d330d91a1c571cee6, evidence-c79ceda34fd4137276cd, evidence-cbeee7c906e568ad120b, evidence-ccbe839da67a36757cd4, evidence-dd282ac22cd0e59062f2, evidence-e67eed220d2c48ee199b, evidence-ec91ba371bb7b1739de5, evidence-efb3f9adec4a1c735fee, evidence-f1ba1a49ff3e526f119e, evidence-fb197b693252737d9eee, evidence-fb3b99361260bfe222c0, evidence-fffdbd2d9a627d7fd662) but no compatibility policy, so its semantics are not yet stable across revisions.",Define a compatibility policy for Generics so implemented behavior cannot silently change between revisions.
gap-bb4629ee2226a11f19ee,Process isolation and privilege separation gap,Implementation_Gap,[],"[""capability-security-isolation-privilege""]",Unsupported,T4_Isolated_Userspace_Platform,High,"[""gate-024e105461e96cffee40""]","[""Disclosed limitations must remain recorded: No Nebula-owned process isolation or privilege-separation boundary exists."",""Nebula-owned process isolation and privilege separation enforced by an OS boundary with direct implementation evidence.""]",Userspace & Isolation,3,3,0,3,Process isolation and privilege separation: no OS-substrate implementation evidence exists (authoritative source docs/universeos/kernel_boundary.md).,Implement Process isolation and privilege separation in a Nebula-owned OS substrate; compiler or hosted-service operations evidence cannot raise this capability's maturity.
gap-bc3bea66dcaad1a5f7a0,Runtime/library/package gap: Current std library assessment,Verification_Gap,[],"[""capability-std-library-assessment""]",Unsupported,T1_Independent_Language_Platform,Medium,[],"[""A std assessment covering API coverage, host dependency, allocation behavior, platform coverage, stability, and verification, with a compatibility/stability policy and cross-platform verification evidence."",""The current std is hosted: it depends on the host OS and C++ standard library and is not verified as a freestanding, cross-platform stable API.""]",Standard Library,1,0,1,1,"Current std library assessment has no accepted current implementation satisfying Requirement 8.2; strongest observed status is Unsupported (matched evidence: evidence-6f5d12da1213ba465eac, evidence-c1d94b67438d35444278).",Implement and verify Current std library assessment before depending on it for freestanding or ecosystem work.
gap-bc9cbd7288852562a3c9,Assembler integration gap,Implementation_Gap,[],"[""capability-pipeline-assembler""]",Unknown,T1_Independent_Language_Platform,High,[],"[""Assembler integration that emits machine code without a host toolchain dependency.""]",Compiler & ABI,2,0,2,2,"No normative, in-scope, independent implementation was found for Assembler integration; strongest observed evidence status is Unknown (authoritative source spec/compiler_pipeline.md).","Define and implement Assembler integration within its own scope; hosted C ABI, generated C++, clang-backed, or primitive relocatable-object evidence cannot satisfy it."
gap-bd62ae5dd271c69c48dd,Semantic stability: Destruction,Verification_Gap,[],"[""domain-fbe7266f95fc90d9eac1""]",Unknown,T1_Independent_Language_Platform,High,[],"[""A published compatibility/stability policy governing Destruction with cross-revision guarantees and a negative-change process.""]",Language & type system,2,1,2,1,"Destruction has parser/typechecker implementation evidence (evidence-19429a0e9339edd0ae79, evidence-1da33b48535aee270420, evidence-268264b031bca69dacf8, evidence-588637a269b6497fbb2c, evidence-64bece4cc18508fe729c, evidence-75e1ab5848df15d611f9, evidence-ae007f2fb227b343aae0, evidence-aeda7ee5443349dc5a62, evidence-b953368c149d6d373032, evidence-cbeee7c906e568ad120b, evidence-ccbe839da67a36757cd4, evidence-ec91ba371bb7b1739de5, evidence-f1ba1a49ff3e526f119e, evidence-fb3b99361260bfe222c0) but no compatibility policy, so its semantics are not yet stable across revisions.",Define a compatibility policy for Destruction so implemented behavior cannot silently change between revisions.
gap-c302952c605145061e96,Normative language contract: System-call boundaries,Language_Gap,[],"[""domain-fbe7266f95fc90d9eac1""]",Unknown,T1_Independent_Language_Platform,Critical,[],"[""A normative specification for System-call boundaries with cross-revision compatibility guarantees and matching parser/typechecker evidence.""]",Language & type system,3,2,1,2,"System-call boundaries is documented in spec/abi_layout.md, spec/interop_c_abi.md with no direct implementation evidence; current classified status is Unknown.",Publish and freeze the normative semantics for System-call boundaries with a versioned compatibility contract before depending on it for system-level work.
gap-c423f76d6f49a1dd4677,Package breadth gap,Ecosystem_Gap,[],"[""capability-ecosystem-package-breadth""]",Unknown,T1_Independent_Language_Platform,Medium,[],"[""A broad, maintained package ecosystem with direct implementation evidence beyond preview tiers."",""Disclosed limitations must remain recorded: Current official packages are largely installed/repo preview and do not constitute a broad independent package ecosystem.""]",Ecosystem,1,0,0,1,Package breadth: no direct current implementation evidence (strongest observed status Unknown); authoritative source docs/official_package_tiering.md.,Provide direct implementation/execution evidence for Package breadth; scoped compiler/tooling or Linux backend SDK release evidence cannot raise OS-substrate maturity.
gap-c4944dfbdf314f7ba52b,OS-substrate subsystem: DMA safety,Implementation_Gap,[],"[""capability-driver-dma-safety""]",Unknown,T3_Boot_And_Kernel_Foundation,Critical,[],"[""Direct implementation evidence of DMA-safe memory policy enforced for drivers.""]",Drivers & Hardware,2,2,1,1,DMA safety has no direct implementation evidence (no matching evidence); per Requirement 10.6 its Maturity_Score is 0 (absent). No DMA-safety implementation exists; it cannot be inferred from boot evidence.,Register a positive implementation gate for DMA safety and produce direct implementation evidence before claiming any maturity; boot or prerequisite gates do not lift this subsystem.
gap-c6aa0d23f35248def2a3,Boot ABI gap,Implementation_Gap,[],"[""capability-boot-abi""]",Unknown,T2_Freestanding_Substrate,High,[],"[""A boot ABI defined and implemented for a reproducible boot handoff.""]",Boot & Toolchain,3,0,1,3,"No normative, in-scope, independent implementation was found for Boot ABI; strongest observed evidence status is Unknown (authoritative source docs/universeos/qemu_boot_hello.md).","Define and implement Boot ABI within its own scope; hosted C ABI, generated C++, clang-backed, or primitive relocatable-object evidence cannot satisfy it."
gap-c6bb237c87814164f5bd,Starter projects gap,Ecosystem_Gap,[],"[""capability-ecosystem-starter-projects""]",Unknown,T1_Independent_Language_Platform,Medium,[],"[""Maintained starter projects and templates for common application shapes with direct implementation evidence.""]",Ecosystem,1,0,0,1,Starter projects: no direct current implementation evidence (strongest observed status Unknown); authoritative source README.md.,Provide direct implementation/execution evidence for Starter projects; scoped compiler/tooling or Linux backend SDK release evidence cannot raise OS-substrate maturity.
gap-c868d9ad7be03162374b,Normative language contract: References,Language_Gap,[],"[""domain-fbe7266f95fc90d9eac1""]",Unknown,T1_Independent_Language_Platform,High,[],"[""A normative specification for References with cross-revision compatibility guarantees and matching parser/typechecker evidence.""]",Language & type system,1,1,1,1,"References is documented in spec/ownership_model.md, spec/type_system.md with direct implementation evidence evidence-144d8c1ed5cd5ce830bf, evidence-19429a0e9339edd0ae79, evidence-1da33b48535aee270420, evidence-2274d0884e4bb05a4b7b, evidence-268264b031bca69dacf8, evidence-2eeda1ed4d6bcbe8ba41, evidence-36510b73f83da25ec5e4, evidence-588637a269b6497fbb2c, evidence-5e9356cb17ef95d4be12, evidence-64bece4cc18508fe729c, evidence-671e810b7e2ffe60fbb3, evidence-75e1ab5848df15d611f9, evidence-ab1211a8f56a35c0eb97, evidence-ae007f2fb227b343aae0, evidence-aeda7ee5443349dc5a62, evidence-b789df43e6f1c88b625e, evidence-b953368c149d6d373032, evidence-c48d330d91a1c571cee6, evidence-c79ceda34fd4137276cd, evidence-cbeee7c906e568ad120b, evidence-ccbe839da67a36757cd4, evidence-dd282ac22cd0e59062f2, evidence-e67eed220d2c48ee199b, evidence-ec91ba371bb7b1739de5, evidence-efb3f9adec4a1c735fee, evidence-f1ba1a49ff3e526f119e, evidence-fb197b693252737d9eee, evidence-fb3b99361260bfe222c0, evidence-fffdbd2d9a627d7fd662; current classified status is Unknown.",Publish and freeze the normative semantics for References with a versioned compatibility contract before depending on it for system-level work.
gap-c86daf9cb10736120547,Semantic stability: Functions,Verification_Gap,[],"[""domain-fbe7266f95fc90d9eac1""]",Unknown,T1_Independent_Language_Platform,Medium,[],"[""A published compatibility/stability policy governing Functions with cross-revision guarantees and a negative-change process.""]",Language & type system,1,0,2,1,"Functions has parser/typechecker implementation evidence (evidence-144d8c1ed5cd5ce830bf, evidence-19429a0e9339edd0ae79, evidence-1da33b48535aee270420, evidence-2274d0884e4bb05a4b7b, evidence-268264b031bca69dacf8, evidence-2eeda1ed4d6bcbe8ba41, evidence-36510b73f83da25ec5e4, evidence-588637a269b6497fbb2c, evidence-5e9356cb17ef95d4be12, evidence-64bece4cc18508fe729c, evidence-671e810b7e2ffe60fbb3, evidence-75e1ab5848df15d611f9, evidence-ab1211a8f56a35c0eb97, evidence-ae007f2fb227b343aae0, evidence-aeda7ee5443349dc5a62, evidence-b789df43e6f1c88b625e, evidence-b953368c149d6d373032, evidence-c48d330d91a1c571cee6, evidence-c79ceda34fd4137276cd, evidence-cbeee7c906e568ad120b, evidence-ccbe839da67a36757cd4, evidence-dd282ac22cd0e59062f2, evidence-e67eed220d2c48ee199b, evidence-ec91ba371bb7b1739de5, evidence-efb3f9adec4a1c735fee, evidence-f1ba1a49ff3e526f119e, evidence-fb197b693252737d9eee, evidence-fb3b99361260bfe222c0, evidence-fffdbd2d9a627d7fd662) but no compatibility policy, so its semantics are not yet stable across revisions.",Define a compatibility policy for Functions so implemented behavior cannot silently change between revisions.
gap-c9f7b6b427ef444a6016,Normative language contract: Functions,Language_Gap,[],"[""domain-fbe7266f95fc90d9eac1""]",Unknown,T1_Independent_Language_Platform,Medium,[],"[""A normative specification for Functions with cross-revision compatibility guarantees and matching parser/typechecker evidence.""]",Language & type system,1,0,1,1,"Functions is documented in spec/language_core.md with direct implementation evidence evidence-144d8c1ed5cd5ce830bf, evidence-19429a0e9339edd0ae79, evidence-1da33b48535aee270420, evidence-2274d0884e4bb05a4b7b, evidence-268264b031bca69dacf8, evidence-2eeda1ed4d6bcbe8ba41, evidence-36510b73f83da25ec5e4, evidence-588637a269b6497fbb2c, evidence-5e9356cb17ef95d4be12, evidence-64bece4cc18508fe729c, evidence-671e810b7e2ffe60fbb3, evidence-75e1ab5848df15d611f9, evidence-ab1211a8f56a35c0eb97, evidence-ae007f2fb227b343aae0, evidence-aeda7ee5443349dc5a62, evidence-b789df43e6f1c88b625e, evidence-b953368c149d6d373032, evidence-c48d330d91a1c571cee6, evidence-c79ceda34fd4137276cd, evidence-cbeee7c906e568ad120b, evidence-ccbe839da67a36757cd4, evidence-dd282ac22cd0e59062f2, evidence-e67eed220d2c48ee199b, evidence-ec91ba371bb7b1739de5, evidence-efb3f9adec4a1c735fee, evidence-f1ba1a49ff3e526f119e, evidence-fb197b693252737d9eee, evidence-fb3b99361260bfe222c0, evidence-fffdbd2d9a627d7fd662; current classified status is Unknown.",Publish and freeze the normative semantics for Functions with a versioned compatibility contract before depending on it for system-level work.
gap-cba730cb579099de4582,Normative language contract: Nullable values,Language_Gap,[],"[""domain-fbe7266f95fc90d9eac1""]",Unknown,T1_Independent_Language_Platform,High,[],"[""A normative specification for Nullable values with cross-revision compatibility guarantees and matching parser/typechecker evidence.""]",Language & type system,1,1,1,1,"Nullable values is documented in spec/language_core.md, spec/type_system.md with direct implementation evidence evidence-144d8c1ed5cd5ce830bf, evidence-2274d0884e4bb05a4b7b, evidence-2eeda1ed4d6bcbe8ba41, evidence-36510b73f83da25ec5e4, evidence-5e9356cb17ef95d4be12, evidence-671e810b7e2ffe60fbb3, evidence-ab1211a8f56a35c0eb97, evidence-b789df43e6f1c88b625e, evidence-c48d330d91a1c571cee6, evidence-c79ceda34fd4137276cd, evidence-dd282ac22cd0e59062f2, evidence-e67eed220d2c48ee199b, evidence-efb3f9adec4a1c735fee, evidence-fb197b693252737d9eee, evidence-fffdbd2d9a627d7fd662; current classified status is Unknown.",Publish and freeze the normative semantics for Nullable values with a versioned compatibility contract before depending on it for system-level work.
gap-cc0da58275f40e3b2cec,Normative language contract: Lifetimes,Language_Gap,[],"[""domain-fbe7266f95fc90d9eac1""]",Unknown,T1_Independent_Language_Platform,Critical,[],"[""A normative specification for Lifetimes with cross-revision compatibility guarantees and matching parser/typechecker evidence.""]",Language & type system,1,2,1,1,"Lifetimes is documented in spec/ownership_model.md, spec/type_system.md with direct implementation evidence evidence-19429a0e9339edd0ae79, evidence-1da33b48535aee270420, evidence-268264b031bca69dacf8, evidence-588637a269b6497fbb2c, evidence-64bece4cc18508fe729c, evidence-75e1ab5848df15d611f9, evidence-ae007f2fb227b343aae0, evidence-aeda7ee5443349dc5a62, evidence-b953368c149d6d373032, evidence-cbeee7c906e568ad120b, evidence-ccbe839da67a36757cd4, evidence-ec91ba371bb7b1739de5, evidence-f1ba1a49ff3e526f119e, evidence-fb3b99361260bfe222c0; current classified status is Unknown.",Publish and freeze the normative semantics for Lifetimes with a versioned compatibility contract before depending on it for system-level work.
gap-cccf0795a0b87d1e3e18,Third-party adoption gap,Ecosystem_Gap,[],"[""capability-ecosystem-third-party-adoption""]",Unknown,T1_Independent_Language_Platform,Medium,[],"[""Direct evidence of sustained third-party production adoption.""]",Ecosystem,1,0,0,1,Third-party adoption: no direct current implementation evidence (strongest observed status Unknown); authoritative source README.md.,Provide direct implementation/execution evidence for Third-party adoption; scoped compiler/tooling or Linux backend SDK release evidence cannot raise OS-substrate maturity.
gap-ce795912402f0eae3d2e,Boot media assembly gap,Implementation_Gap,"[""Verification_Gap""]","[""domain-ce795912402f0eae3d2e""]",Planned,T3_Boot_And_Kernel_Foundation,High,[],"[""A bootable media artifact assembled from the deterministic linked ELF image (disk/ISO image) suitable for a supported target.""]",Boot Chain,3,1,1,3,"Boot media assembly has no direct implementation evidence; strongest observed status is Planned. It remains a separate, unmerged pre-kernel Hard-Gate candidate.",Implement Boot media assembly as an independent gate with direct evidence; it must not be satisfied by upstream or primitive relocatable-object proofs.
gap-ce9966899156b39c3eb4,Long-term support gap,Ecosystem_Gap,[],"[""capability-ecosystem-long-term-support""]",Unknown,T1_Independent_Language_Platform,Medium,[],"[""A committed long-term support lifecycle with direct implementation evidence.""]",Ecosystem,1,0,0,1,Long-term support: no direct current implementation evidence (strongest observed status Unknown); authoritative source docs/support_matrix.md.,Provide direct implementation/execution evidence for Long-term support; scoped compiler/tooling or Linux backend SDK release evidence cannot raise OS-substrate maturity.
gap-d095b175834857fe8f04,Semantic stability: Error effects,Verification_Gap,[],"[""domain-fbe7266f95fc90d9eac1""]",Unknown,T1_Independent_Language_Platform,High,[],"[""A published compatibility/stability policy governing Error effects with cross-revision guarantees and a negative-change process.""]",Language & type system,1,1,2,1,"Error effects has parser/typechecker implementation evidence (evidence-144d8c1ed5cd5ce830bf, evidence-19429a0e9339edd0ae79, evidence-1da33b48535aee270420, evidence-2274d0884e4bb05a4b7b, evidence-268264b031bca69dacf8, evidence-2eeda1ed4d6bcbe8ba41, evidence-36510b73f83da25ec5e4, evidence-588637a269b6497fbb2c, evidence-5e9356cb17ef95d4be12, evidence-64bece4cc18508fe729c, evidence-671e810b7e2ffe60fbb3, evidence-75e1ab5848df15d611f9, evidence-ab1211a8f56a35c0eb97, evidence-ae007f2fb227b343aae0, evidence-aeda7ee5443349dc5a62, evidence-b789df43e6f1c88b625e, evidence-b953368c149d6d373032, evidence-c48d330d91a1c571cee6, evidence-c79ceda34fd4137276cd, evidence-cbeee7c906e568ad120b, evidence-ccbe839da67a36757cd4, evidence-dd282ac22cd0e59062f2, evidence-e67eed220d2c48ee199b, evidence-ec91ba371bb7b1739de5, evidence-efb3f9adec4a1c735fee, evidence-f1ba1a49ff3e526f119e, evidence-fb197b693252737d9eee, evidence-fb3b99361260bfe222c0, evidence-fffdbd2d9a627d7fd662) but no compatibility policy, so its semantics are not yet stable across revisions.",Define a compatibility policy for Error effects so implemented behavior cannot silently change between revisions.
gap-d0a7a46b1187a457c643,OS-substrate subsystem: IOMMU,Implementation_Gap,[],"[""capability-hw-iommu""]",Unknown,T3_Boot_And_Kernel_Foundation,Critical,[],"[""Direct implementation evidence of IOMMU configuration for device address isolation.""]",Kernel & Hardware,2,2,1,1,IOMMU has no direct implementation evidence (no matching evidence); per Requirement 10.6 its Maturity_Score is 0 (absent). No IOMMU implementation exists.,Register a positive implementation gate for IOMMU and produce direct implementation evidence before claiming any maturity; boot or prerequisite gates do not lift this subsystem.
gap-d0cd8773f68531fccb17,Application model and developer SDK gap,Implementation_Gap,[],"[""capability-userspace-app-model-sdk""]",Unknown,T4_Isolated_Userspace_Platform,Medium,"[""gate-42b6c22c8d119e7057bc""]","[""A Nebula-owned application model and developer SDK targeting the isolated userspace platform with direct implementation evidence."",""Disclosed limitations must remain recorded: Host-owned / thin-host adjacency belongs to T0 and cannot raise this T4 capability's maturity above 0.; No Nebula-owned application model or developer SDK for an isolated userspace platform exists.""]",Userspace Runtime,2,1,0,2,"Application model and developer SDK: only host-owned / thin-host adjacency exists (T0), so this T4 capability stays Maturity_Score 0 (authoritative source docs/universeos/architecture.md).",Implement Application model and developer SDK above a Nebula-owned process/syscall boundary; host-owned adjacency cannot raise this T4 capability's maturity.
gap-d10e4ed00c27c67c22c0,Normative language contract: Patterns,Language_Gap,[],"[""domain-fbe7266f95fc90d9eac1""]",Unknown,T1_Independent_Language_Platform,Medium,[],"[""A normative specification for Patterns with cross-revision compatibility guarantees and matching parser/typechecker evidence.""]",Language & type system,1,0,1,1,"Patterns is documented in spec/grammar.ebnf, spec/language_core.md with direct implementation evidence evidence-144d8c1ed5cd5ce830bf, evidence-2274d0884e4bb05a4b7b, evidence-2eeda1ed4d6bcbe8ba41, evidence-36510b73f83da25ec5e4, evidence-5e9356cb17ef95d4be12, evidence-671e810b7e2ffe60fbb3, evidence-ab1211a8f56a35c0eb97, evidence-b789df43e6f1c88b625e, evidence-c48d330d91a1c571cee6, evidence-c79ceda34fd4137276cd, evidence-dd282ac22cd0e59062f2, evidence-e67eed220d2c48ee199b, evidence-efb3f9adec4a1c735fee, evidence-fb197b693252737d9eee, evidence-fffdbd2d9a627d7fd662; current classified status is Unknown.",Publish and freeze the normative semantics for Patterns with a versioned compatibility contract before depending on it for system-level work.
gap-d7528f3d36466a6b52f6,OS-substrate subsystem: Display devices,Implementation_Gap,[],"[""capability-driver-display""]",Unknown,T3_Boot_And_Kernel_Foundation,High,[],"[""Direct implementation evidence of a display/framebuffer device driver.""]",Drivers & Hardware,1,1,1,1,Display devices has no direct implementation evidence (no matching evidence); per Requirement 10.6 its Maturity_Score is 0 (absent). No display device driver exists.,Register a positive implementation gate for Display devices and produce direct implementation evidence before claiming any maturity; boot or prerequisite gates do not lift this subsystem.
gap-d780aa0d2b5447323126,Semantic stability: Modules,Verification_Gap,[],"[""domain-fbe7266f95fc90d9eac1""]",Unknown,T1_Independent_Language_Platform,Medium,[],"[""A published compatibility/stability policy governing Modules with cross-revision guarantees and a negative-change process.""]",Language & type system,1,0,2,1,"Modules has parser/typechecker implementation evidence (evidence-144d8c1ed5cd5ce830bf, evidence-2274d0884e4bb05a4b7b, evidence-2eeda1ed4d6bcbe8ba41, evidence-36510b73f83da25ec5e4, evidence-5e9356cb17ef95d4be12, evidence-671e810b7e2ffe60fbb3, evidence-ab1211a8f56a35c0eb97, evidence-b789df43e6f1c88b625e, evidence-c48d330d91a1c571cee6, evidence-c79ceda34fd4137276cd, evidence-dd282ac22cd0e59062f2, evidence-e67eed220d2c48ee199b, evidence-efb3f9adec4a1c735fee, evidence-fb197b693252737d9eee, evidence-fffdbd2d9a627d7fd662) but no compatibility policy, so its semantics are not yet stable across revisions.",Define a compatibility policy for Modules so implemented behavior cannot silently change between revisions.
gap-d7ba51bf8be257861b79,Runtime/library/package gap: Freestanding static initialization,Implementation_Gap,[],"[""capability-runtime-static-init""]",Unknown,T2_Freestanding_Substrate,High,[],"[""A freestanding static-initialization order and mechanism with implementation evidence."",""Freestanding static initialization is unspecified and unimplemented.""]",Freestanding Runtime,2,0,1,2,Freestanding static initialization has no accepted current implementation satisfying Requirement 8.1; strongest observed status is Unknown (matched evidence: evidence-a6ce963a38067a75f02b).,Implement and verify Freestanding static initialization before depending on it for freestanding or ecosystem work.
gap-da5452587b2d91188618,Runtime/library/package gap: Package manifest,Implementation_Gap,[],"[""capability-package-manifest""]",Unknown,T1_Independent_Language_Platform,Medium,[],"[""Implemented package manifest support with direct implementation evidence."",""Package manifest has no accepted implementation evidence.""]",Package & Ecosystem,1,0,1,1,"Package manifest has no accepted current implementation satisfying Requirement 8.5; strongest observed status is Unknown (matched evidence: evidence-01d063352d89e938de5b, evidence-0a3e11ad0805d97729d3, evidence-0bcf0307e2bae9c0e5fe, evidence-1ccd565dde024a2ccec4, evidence-1e6d6be656ce35d011ba, evidence-1ed7a02d4931042db7ec, evidence-20e71ac2492814417d09, evidence-29d0241650b38d10f258, evidence-2b5ae5dbdd7132ac3ecb, evidence-3bef294faebf6452812b, evidence-4a9a64a3fa8e39b7c10d, evidence-54b274964b414955be46, evidence-5769ba1a1819f124b3fe, evidence-5ea178c4c639c5c5b857, evidence-61269aea07c2f5b93532, evidence-68d588d7531b8d30c7f4, evidence-6a9d3e38fac21bf99d9c, evidence-6c2b8a11b7cef157e944, evidence-7013e8c7803e1628dc3f, evidence-753dbeb7f01e83dd2246, evidence-7b089a1a1df4c4c76736, evidence-7f3491e035807c3c318f, evidence-81021b1a73d8ef6a97be, evidence-83802ffd615d4775a4bb, evidence-84f65efdf4de7dde6060, evidence-89d9ef73c3ff13ec8e6d, evidence-92087039ad8179cb46f1, evidence-97ef66f4caccdcf57663, evidence-9d6c649a6f4ef1735807, evidence-a18fd963ddaa60dab88f, evidence-a1d8910fd72df65cdf8c, evidence-a2754ea415ca04a5ba6b, evidence-a4413f597bfb85e6a26f, evidence-a8ff231438092d8c9c20, evidence-a91dc5206ccdf6387392, evidence-acacb785f6276b36b119, evidence-bbbb1cde9232a35e6d3b, evidence-bc6f76b521ce97d9c9f9, evidence-c05481966b1e08a67364, evidence-c119c8ee4115b16db648, evidence-c11bc5ce1f6a61b93d01, evidence-c34658dae0f5bc0bd903, evidence-c45848cd6f05755514cf, evidence-c4f36db679fc8667e4f0, evidence-c5cd71dafc0ba9cb96e2, evidence-c873a213d6465b9eee1f, evidence-ca881c3805061e1f1278, evidence-cae1e2fdeba53e241c39, evidence-d3323f5ce6dfe753dd04, evidence-d82cb9ee1175a01a641b, evidence-d8368598aa8be40d6557, evidence-d9a024552e1069807d14, evidence-e246a98e2ab7be5f48f0, evidence-e44306c8d3d3ace6b13c, evidence-e5f8f203953618854e71, evidence-ebb5ebdb49d900e3ae1c, evidence-f06038b4e747192b2a31, evidence-f438b50b93f0fc264912, evidence-f56677a9272e9a3b26f0, evidence-f985c3799c9ed57abeef).",Implement and verify Package manifest before depending on it for freestanding or ecosystem work.
gap-daac141bf1ec45fd1b48,Bounded execution gap,Implementation_Gap,[],"[""capability-reliability-bounded-execution""]",Unknown,T2_Freestanding_Substrate,Medium,"[""gate-7e6ff8c1b7bf228d2952""]","[""A bounded-execution guarantee for the freestanding substrate with direct implementation evidence."",""Disclosed limitations must remain recorded: No bounded-execution guarantee exists for a freestanding substrate.""]",Freestanding Runtime,2,2,0,2,Bounded execution: no OS-substrate implementation evidence exists (authoritative source docs/universeos/no_std_runtime.md).,Implement Bounded execution in a Nebula-owned OS substrate; compiler or hosted-service operations evidence cannot raise this capability's maturity.
gap-dd60319bff38ce7da17e,"Memory storage, lifetime, and allocation-failure semantics gap",Language_Gap,"[""Verification_Gap""]","[""capability-memory-storage-model""]",Experimental,T1_Independent_Language_Platform,Medium,[],"[""A normative specification of stack/region/heap/static storage, promotion, initialization, destruction, allocator-failure, raw-memory, and resource-lifetime semantics with direct implementation evidence.""]",Language & Safety,2,2,1,2,"No normative, implemented contract was found for this capability; strongest observed evidence status is Experimental (authoritative source spec/region_semantics.md).",Define the normative semantics and provide direct implementation evidence before relying on this capability for system-level code.
gap-df299b1fe9e3bbbcf4b6,Fault containment gap,Implementation_Gap,[],"[""capability-reliability-containment""]",Unknown,T4_Isolated_Userspace_Platform,Medium,"[""gate-7e6ff8c1b7bf228d2952""]","[""A fault-containment mechanism enforced by an OS isolation boundary with direct implementation evidence."",""Disclosed limitations must remain recorded: No OS-enforced fault-containment mechanism exists.""]",Userspace & Isolation,2,2,0,2,Fault containment: no OS-substrate implementation evidence exists (authoritative source docs/universeos/kernel_boundary.md).,Implement Fault containment in a Nebula-owned OS substrate; compiler or hosted-service operations evidence cannot raise this capability's maturity.
gap-e072c2a651c76a0c2da5,"Unsafe, FFI, and raw-pointer boundary semantics gap",Language_Gap,[],"[""capability-unsafe-ffi-boundary""]",Unknown,T1_Independent_Language_Platform,High,[],"[""Normative unsafe-block/function, FFI-boundary, raw-pointer, and privilege-transition semantics with direct implementation evidence, including every disclosed opaque/dynamic/FFI/unsafe exclusion.""]",Language & Safety,2,3,0,2,"No normative, implemented contract was found for this capability; strongest observed evidence status is Unknown (authoritative source spec/safety_contract.md).",Define the normative semantics and provide direct implementation evidence before relying on this capability for system-level code.
gap-e109294b32c11d104703,OS-substrate subsystem: Kernel entry,Implementation_Gap,[],"[""capability-kernel-entry""]",Unknown,T3_Boot_And_Kernel_Foundation,Critical,[],"[""Direct implementation evidence of a kernel entry path that receives control and establishes early runtime invariants.""]",Kernel,3,2,2,2,Kernel entry has no direct implementation evidence (no matching evidence); per Requirement 10.6 its Maturity_Score is 0 (absent). No kernel entry path exists.,Register a positive implementation gate for Kernel entry and produce direct implementation evidence before claiming any maturity; boot or prerequisite gates do not lift this subsystem.
gap-e18fce6c96557d8ed534,Semantic stability: Constrained generics,Verification_Gap,[],"[""domain-fbe7266f95fc90d9eac1""]",Unknown,T1_Independent_Language_Platform,High,[],"[""A published compatibility/stability policy governing Constrained generics with cross-revision guarantees and a negative-change process.""]",Language & type system,2,0,2,1,"Constrained generics has parser/typechecker implementation evidence (evidence-19429a0e9339edd0ae79, evidence-1da33b48535aee270420, evidence-268264b031bca69dacf8, evidence-588637a269b6497fbb2c, evidence-64bece4cc18508fe729c, evidence-75e1ab5848df15d611f9, evidence-ae007f2fb227b343aae0, evidence-aeda7ee5443349dc5a62, evidence-b953368c149d6d373032, evidence-cbeee7c906e568ad120b, evidence-ccbe839da67a36757cd4, evidence-ec91ba371bb7b1739de5, evidence-f1ba1a49ff3e526f119e, evidence-fb3b99361260bfe222c0) but no compatibility policy, so its semantics are not yet stable across revisions.",Define a compatibility policy for Constrained generics so implemented behavior cannot silently change between revisions.
gap-e5b8e2be8c0611337f82,Semantic stability: References,Verification_Gap,[],"[""domain-fbe7266f95fc90d9eac1""]",Unknown,T1_Independent_Language_Platform,High,[],"[""A published compatibility/stability policy governing References with cross-revision guarantees and a negative-change process.""]",Language & type system,1,1,2,1,"References has parser/typechecker implementation evidence (evidence-144d8c1ed5cd5ce830bf, evidence-19429a0e9339edd0ae79, evidence-1da33b48535aee270420, evidence-2274d0884e4bb05a4b7b, evidence-268264b031bca69dacf8, evidence-2eeda1ed4d6bcbe8ba41, evidence-36510b73f83da25ec5e4, evidence-588637a269b6497fbb2c, evidence-5e9356cb17ef95d4be12, evidence-64bece4cc18508fe729c, evidence-671e810b7e2ffe60fbb3, evidence-75e1ab5848df15d611f9, evidence-ab1211a8f56a35c0eb97, evidence-ae007f2fb227b343aae0, evidence-aeda7ee5443349dc5a62, evidence-b789df43e6f1c88b625e, evidence-b953368c149d6d373032, evidence-c48d330d91a1c571cee6, evidence-c79ceda34fd4137276cd, evidence-cbeee7c906e568ad120b, evidence-ccbe839da67a36757cd4, evidence-dd282ac22cd0e59062f2, evidence-e67eed220d2c48ee199b, evidence-ec91ba371bb7b1739de5, evidence-efb3f9adec4a1c735fee, evidence-f1ba1a49ff3e526f119e, evidence-fb197b693252737d9eee, evidence-fb3b99361260bfe222c0, evidence-fffdbd2d9a627d7fd662) but no compatibility policy, so its semantics are not yet stable across revisions.",Define a compatibility policy for References so implemented behavior cannot silently change between revisions.
gap-e7078f6103911cc99615,OS-substrate subsystem: Driver isolation,Implementation_Gap,[],"[""capability-driver-isolation""]",Unknown,T3_Boot_And_Kernel_Foundation,Critical,[],"[""Direct implementation evidence of driver isolation/containment with capability-checked hardware access.""]",Drivers & Hardware,2,2,1,1,Driver isolation has no direct implementation evidence (no matching evidence); per Requirement 10.6 its Maturity_Score is 0 (absent). No driver isolation implementation exists.,Register a positive implementation gate for Driver isolation and produce direct implementation evidence before claiming any maturity; boot or prerequisite gates do not lift this subsystem.
gap-e7b8a9774021f3c65e1d,Documentation gap,Ecosystem_Gap,[],"[""capability-ecosystem-documentation""]",Unknown,T1_Independent_Language_Platform,Medium,[],"[""Comprehensive, maintained documentation covering the supported language, tooling, and package surface.""]",Ecosystem,1,0,0,1,Documentation: no direct current implementation evidence (strongest observed status Unknown); authoritative source README.md.,Provide direct implementation/execution evidence for Documentation; scoped compiler/tooling or Linux backend SDK release evidence cannot raise OS-substrate maturity.
gap-e81dd65c3f9e563a1634,Runtime/library/package gap: Package signing,Ecosystem_Gap,[],"[""capability-package-signing""]",Unknown,T1_Independent_Language_Platform,Medium,[],"[""Implemented package signing support with direct implementation evidence."",""Package signing has no accepted implementation evidence.""]",Package & Ecosystem,1,0,1,1,Package signing has no accepted current implementation satisfying Requirement 8.5; strongest observed status is Unknown (matched evidence: evidence-852d03e7454a4d2946bb).,Implement and verify Package signing before depending on it for freestanding or ecosystem work.
gap-e9a5c25021fcaa70d120,Runtime/library/package gap: Future core library layer,Implementation_Gap,[],"[""capability-library-layer-future-core""]",Planned,T2_Freestanding_Substrate,High,[],"[""A freestanding core library with resolver and implementation support and direct implementation evidence."",""The future core layer is planned; core:: imports without resolver and implementation support are Planned.""]",Freestanding Runtime,2,0,1,2,"Future core library layer has no accepted current implementation satisfying Requirement 8.3, 8.4; strongest observed status is Planned (matched evidence: evidence-0c8a8aaf00020a404353, evidence-7e78644c86c49d2e6efc, evidence-a014616f02ad43c66703, evidence-b40946766a0a6de372b4).",Implement and verify Future core library layer before depending on it for freestanding or ecosystem work.
gap-ea723a30a2bca2c55f6d,OS-substrate subsystem: Target discovery and firmware,Implementation_Gap,[],"[""capability-hw-target-firmware""]",Unsupported,T3_Boot_And_Kernel_Foundation,Critical,[],"[""Direct implementation evidence for target discovery and firmware handoff parsing (boot memory map, platform tables) in a freestanding artifact, not a boundary document.""]",Kernel & Hardware,3,2,2,2,Target discovery and firmware has no direct implementation evidence (matched evidence evidence-92f50b282fbfc1fdf335); per Requirement 10.6 its Maturity_Score is 0 (absent). No target-discovery or firmware-handoff implementation exists; the boundary document only describes future responsibilities.,Register a positive implementation gate for Target discovery and firmware and produce direct implementation evidence before claiming any maturity; boot or prerequisite gates do not lift this subsystem.
gap-edc34061e4097f98931e,Security maintenance gap,Ecosystem_Gap,[],"[""capability-ecosystem-security-maintenance""]",Unknown,T1_Independent_Language_Platform,High,[],"[""A sustained security-maintenance process with vulnerability response and direct implementation evidence."",""Disclosed limitations must remain recorded: Security-sensitive packages remain preview without a proven vulnerability-response process.""]",Security,1,1,1,1,Security maintenance: no direct current implementation evidence (strongest observed status Unknown); authoritative source docs/official_package_tiering.md.,Provide direct implementation/execution evidence for Security maintenance; scoped compiler/tooling or Linux backend SDK release evidence cannot raise OS-substrate maturity.
gap-ee411132db18ecfd2527,Runtime/library/package gap: Freestanding runtime ABI,Implementation_Gap,[],"[""capability-runtime-runtime-abi""]",Unknown,T2_Freestanding_Substrate,High,[],"[""A freestanding runtime ABI contract with implementation evidence."",""A freestanding runtime ABI is unspecified and unimplemented.""]",Freestanding Runtime,2,0,1,2,Freestanding runtime ABI has no accepted current implementation satisfying Requirement 8.1; strongest observed status is Unknown (no matching evidence found).,Implement and verify Freestanding runtime ABI before depending on it for freestanding or ecosystem work.
gap-efd756610a32e3629cd4,Normative language contract: Enums,Language_Gap,[],"[""domain-fbe7266f95fc90d9eac1""]",Unknown,T1_Independent_Language_Platform,Medium,[],"[""A normative specification for Enums with cross-revision compatibility guarantees and matching parser/typechecker evidence.""]",Language & type system,1,0,1,1,"Enums is documented in spec/abi_layout.md, spec/type_system.md with direct implementation evidence evidence-144d8c1ed5cd5ce830bf, evidence-2274d0884e4bb05a4b7b, evidence-2eeda1ed4d6bcbe8ba41, evidence-36510b73f83da25ec5e4, evidence-5e9356cb17ef95d4be12, evidence-61fa5e8ce3f4f1c2215d, evidence-671e810b7e2ffe60fbb3, evidence-8134bb444b9ff6c2a6c3, evidence-9590cac46c0ee80276c5, evidence-9f5649d58b6b0a875add, evidence-a161e7e02d04f1b94fe6, evidence-a9922399f899da3770cf, evidence-ab1211a8f56a35c0eb97, evidence-b789df43e6f1c88b625e, evidence-c11528bb42afadadb318, evidence-c48d330d91a1c571cee6, evidence-c79ceda34fd4137276cd, evidence-dd282ac22cd0e59062f2, evidence-e67eed220d2c48ee199b, evidence-efb3f9adec4a1c735fee, evidence-f6e2fffbc042fd84d3c5, evidence-fb197b693252737d9eee, evidence-fffdbd2d9a627d7fd662; current classified status is Unknown.",Publish and freeze the normative semantics for Enums with a versioned compatibility contract before depending on it for system-level work.
gap-efef276926c501156d9c,"Normative move, borrow, lifetime, and aliasing model gap",Language_Gap,[],"[""capability-ownership-borrow-model""]",Unknown,T1_Independent_Language_Platform,High,[],"[""A normative move/borrow/lifetime/aliasing model, not merely Rep x Owner inference or conservative borrow assistance, with direct implementation evidence.""]",Language & Safety,2,3,0,2,"Current evidence provides Rep x Owner inference and conservative borrow assistance, not a normative move/borrow/lifetime/aliasing model (authoritative source spec/rep_owner_model.md).",Specify and implement a normative move/borrow/lifetime/aliasing model; borrow assistance cannot satisfy the normative safety capability.
gap-f06842ff63c0beb140be,Contributor workflow gap,Ecosystem_Gap,[],"[""capability-ecosystem-contributor-workflow""]",Unknown,T1_Independent_Language_Platform,Medium,[],"[""A documented, active contributor workflow with direct evidence of sustained external contribution.""]",Ecosystem,1,0,0,1,Contributor workflow: no direct current implementation evidence (strongest observed status Unknown); authoritative source CONTRIBUTING.md.,Provide direct implementation/execution evidence for Contributor workflow; scoped compiler/tooling or Linux backend SDK release evidence cannot raise OS-substrate maturity.
gap-f2058190047a12139406,Compatibility governance gap,Ecosystem_Gap,[],"[""capability-ecosystem-compatibility-governance""]",Unknown,T1_Independent_Language_Platform,Medium,[],"[""A governed compatibility policy with enforced backward-compatibility guarantees and direct implementation evidence.""]",Ecosystem,1,0,0,1,Compatibility governance: no direct current implementation evidence (strongest observed status Unknown); authoritative source docs/stability_policy.md.,Provide direct implementation/execution evidence for Compatibility governance; scoped compiler/tooling or Linux backend SDK release evidence cannot raise OS-substrate maturity.
gap-f40b1ce59c20802b2f2b,Deterministic linked ELF gap,Implementation_Gap,"[""Verification_Gap""]","[""domain-f40b1ce59c20802b2f2b""]",Planned,T3_Boot_And_Kernel_Foundation,High,[],"[""A deterministic, fully linked ELF image produced from the freestanding runtime and the complete boot toolchain, reproducible across builds.""]",Boot Chain,3,1,2,3,"Deterministic linked ELF has no direct implementation evidence; strongest observed status is Planned. It remains a separate, unmerged pre-kernel Hard-Gate candidate.",Implement Deterministic linked ELF as an independent gate with direct evidence; it must not be satisfied by upstream or primitive relocatable-object proofs.
gap-f4e79bfc4e99e892b95d,Network stack gap,Implementation_Gap,[],"[""capability-userspace-network-stack""]",Unknown,T4_Isolated_Userspace_Platform,Medium,"[""gate-42b6c22c8d119e7057bc""]","[""A Nebula-owned network stack with direct implementation evidence."",""Disclosed limitations must remain recorded: Host-owned / thin-host adjacency belongs to T0 and cannot raise this T4 capability's maturity above 0.; No Nebula-owned network stack exists.""]",System Services,2,1,0,2,"Network stack: only host-owned / thin-host adjacency exists (T0), so this T4 capability stays Maturity_Score 0 (authoritative source docs/universeos/kernel_boundary.md).",Implement Network stack above a Nebula-owned process/syscall boundary; host-owned adjacency cannot raise this T4 capability's maturity.
gap-fa1c609d7c4f0820a0cf,Runtime/library/package gap: Hosted std library layer,Implementation_Gap,[],"[""capability-library-layer-hosted-std""]",Unsupported,T1_Independent_Language_Platform,Medium,[],"[""A current hosted std layer implemented on the host OS with direct implementation evidence."",""The hosted std layer is a separate domain from future core and future system and cannot promote freestanding maturity.""]",Standard Library,1,0,1,1,"Hosted std library layer has no accepted current implementation satisfying Requirement 8.3; strongest observed status is Unsupported (matched evidence: evidence-6f5d12da1213ba465eac, evidence-7e78644c86c49d2e6efc, evidence-a014616f02ad43c66703).",Implement and verify Hosted std library layer before depending on it for freestanding or ecosystem work.
gap-fc00b60534278bb97090,OS-substrate subsystem: Kernel synchronization,Implementation_Gap,[],"[""capability-kernel-synchronization""]",Unknown,T3_Boot_And_Kernel_Foundation,Critical,[],"[""Direct implementation evidence of kernel synchronization primitives (spinlocks/locks) safe for interrupt and multiprocessor contexts.""]",Kernel,2,2,1,1,Kernel synchronization has no direct implementation evidence (no matching evidence); per Requirement 10.6 its Maturity_Score is 0 (absent). No kernel synchronization primitives exist.,Register a positive implementation gate for Kernel synchronization and produce direct implementation evidence before claiming any maturity; boot or prerequisite gates do not lift this subsystem.
gap-fd4475c400d74b5b4247,Semantic stability: Arrays,Verification_Gap,[],"[""domain-fbe7266f95fc90d9eac1""]",Unknown,T1_Independent_Language_Platform,Medium,[],"[""A published compatibility/stability policy governing Arrays with cross-revision guarantees and a negative-change process.""]",Language & type system,1,0,2,1,"Arrays has parser/typechecker implementation evidence (evidence-144d8c1ed5cd5ce830bf, evidence-2274d0884e4bb05a4b7b, evidence-2eeda1ed4d6bcbe8ba41, evidence-36510b73f83da25ec5e4, evidence-5e9356cb17ef95d4be12, evidence-61fa5e8ce3f4f1c2215d, evidence-671e810b7e2ffe60fbb3, evidence-8134bb444b9ff6c2a6c3, evidence-9590cac46c0ee80276c5, evidence-9f5649d58b6b0a875add, evidence-a161e7e02d04f1b94fe6, evidence-a9922399f899da3770cf, evidence-ab1211a8f56a35c0eb97, evidence-b789df43e6f1c88b625e, evidence-c11528bb42afadadb318, evidence-c48d330d91a1c571cee6, evidence-c79ceda34fd4137276cd, evidence-dd282ac22cd0e59062f2, evidence-e67eed220d2c48ee199b, evidence-efb3f9adec4a1c735fee, evidence-f6e2fffbc042fd84d3c5, evidence-fb197b693252737d9eee, evidence-fffdbd2d9a627d7fd662) but no compatibility policy, so its semantics are not yet stable across revisions.",Define a compatibility policy for Arrays so implemented behavior cannot silently change between revisions.
gap-fd8fa86ed5ad3a46befe,Cross-platform qualification gap,Verification_Gap,[],"[""capability-release-platform-qualification""]",Unknown,T1_Independent_Language_Platform,Medium,[],"[""Executed cross-platform qualification with direct execution evidence.""]",Release Engineering,1,0,0,1,Cross-platform qualification: no direct current implementation evidence (strongest observed status Unknown); authoritative source docs/support_matrix.md.,Provide direct implementation/execution evidence for Cross-platform qualification; scoped compiler/tooling or Linux backend SDK release evidence cannot raise OS-substrate maturity.
gap-fdb80b8f352b413bbe1a,Semantic stability: Lexical rules,Verification_Gap,[],"[""domain-fbe7266f95fc90d9eac1""]",Unknown,T1_Independent_Language_Platform,Medium,[],"[""A published compatibility/stability policy governing Lexical rules with cross-revision guarantees and a negative-change process.""]",Language & type system,1,0,1,1,"Lexical rules has parser/typechecker implementation evidence (evidence-144d8c1ed5cd5ce830bf, evidence-2274d0884e4bb05a4b7b, evidence-2eeda1ed4d6bcbe8ba41, evidence-36510b73f83da25ec5e4, evidence-5e9356cb17ef95d4be12, evidence-671e810b7e2ffe60fbb3, evidence-ab1211a8f56a35c0eb97, evidence-b789df43e6f1c88b625e, evidence-c48d330d91a1c571cee6, evidence-c79ceda34fd4137276cd, evidence-dd282ac22cd0e59062f2, evidence-e67eed220d2c48ee199b, evidence-efb3f9adec4a1c735fee, evidence-fb197b693252737d9eee, evidence-fffdbd2d9a627d7fd662) but no compatibility policy, so its semantics are not yet stable across revisions.",Define a compatibility policy for Lexical rules so implemented behavior cannot silently change between revisions.
gap-fdf59070edb4cbe0969c,QEMU serial execution proof gap,Implementation_Gap,"[""Verification_Gap""]","[""domain-fdf59070edb4cbe0969c""]",Planned,T3_Boot_And_Kernel_Foundation,High,[],"[""A reproducible QEMU boot that executes the boot media and emits the expected serial output for a supported target.""]",Boot Chain,3,1,1,3,"QEMU serial execution proof has no direct implementation evidence; strongest observed status is Planned. It remains a separate, unmerged pre-kernel Hard-Gate candidate.",Implement QEMU serial execution proof as an independent gate with direct evidence; it must not be satisfied by upstream or primitive relocatable-object proofs.
